rollout/ep_len_mean,time/time_elapsed,time/total_timesteps,time/iterations,time/fps,rollout/ep_rew_mean,train/value_loss,train/explained_variance,train/approx_kl,train/policy_gradient_loss,train/n_updates,train/clip_fraction,train/loss,train/clip_range,train/learning_rate,train/entropy_loss,train/std
500.0,4,135168,1,858,53.641782819999996,,,,,,,,,,,
500.0,7,139264,2,1115,64.82871309000001,10.556807398796082,0.8818950653076172,0.007909228,-0.010390990153246094,165,0.06552734375,5.100217342376709,0.2,0.0003,-4.77671565413475,0.4393772780895233
500.0,10,143360,3,1216,73.25107279,9.732697033882141,0.8996905088424683,0.008378629,-0.010849487321684137,170,0.0650390625,3.7712950706481934,0.2,0.0003,-4.758179479837418,0.43818697333335876
500.0,12,147456,4,1270,81.80259214,20.795874762535096,0.14398616552352905,0.010697593,-0.01188709064736031,175,0.0923828125,9.628451347351074,0.2,0.0003,-4.740123081207275,0.4375150203704834
500.0,15,151552,5,1326,89.96036969000001,14.473883318901063,-0.11803722381591797,0.012852102,-0.011235628864960745,180,0.121923828125,8.043944358825684,0.2,0.0003,-4.724952554702758,0.4362407922744751
500.0,17,155648,6,1373,102.63075570999999,30.05201816558838,-0.038315773010253906,0.0128383115,-0.010633786383550614,185,0.131982421875,12.60680103302002,0.2,0.0003,-4.698541951179505,0.43494510650634766
500.0,20,159744,7,1409,108.84634097999998,12.3805748462677,0.11286336183547974,0.0106027555,-0.011143923917552456,190,0.11357421875,5.392383575439453,0.2,0.0003,-4.676327461004258,0.4338483214378357
500.0,23,163840,8,1424,116.43437859,23.35193817615509,0.5077828168869019,0.008968814,-0.011542050587013363,195,0.093408203125,11.511372566223145,0.2,0.0003,-4.661214655637741,0.4334809184074402
499.42,27,167936,9,1332,125.09021043999999,15.529612803459168,0.5378669500350952,0.009976219,-0.013203275305568241,200,0.10107421875,7.300658702850342,0.2,0.0003,-4.652822101116181,0.43281105160713196
499.42,30,172032,10,1361,136.98433651999997,22.795574426651,0.8865342140197754,0.008923644,-0.011541076988214627,205,0.072900390625,9.68053150177002,0.2,0.0003,-4.641383528709412,0.4322742819786072
499.13,32,176128,11,1383,145.63872835,13.154905652999878,0.19969701766967773,0.01317051,-0.014710226026363672,210,0.12421875,6.033996105194092,0.2,0.0003,-4.620754569768906,0.43020445108413696
499.13,35,180224,12,1403,157.06772901,25.3726402759552,0.8229601383209229,0.00804611,-0.009401052792964038,215,0.0798828125,12.134464263916016,0.2,0.0003,-4.586647540330887,0.42903923988342285
499.13,37,184320,13,1424,167.10454732,16.543862807750703,0.2534254789352417,0.010154785,-0.010868993526673875,220,0.07568359375,6.456779479980469,0.2,0.0003,-4.569628131389618,0.42812466621398926
497.83,39,188416,14,1441,170.26725313999998,15.181165611743927,0.7972112894058228,0.009745274,-0.012343492358922958,225,0.09052734375,5.425469875335693,0.2,0.0003,-4.552956682443619,0.42761075496673584
497.83,42,192512,15,1451,182.84594341,24.463266468048097,0.9213427305221558,0.005917953,-0.0064219228486763315,230,0.038916015625,12.140785217285156,0.2,0.0003,-4.546547991037369,0.4273573160171509
497.83,44,196608,16,1468,189.05149623999998,25.36536250114441,0.7498703598976135,0.007813734,-0.010122544688056224,235,0.058203125,10.09539794921875,0.2,0.0003,-4.542690789699554,0.4272025227546692
497.83,48,200704,17,1436,201.88086743000002,21.195084285736083,0.8902350068092346,0.0069218744,-0.008715202321764082,240,0.04423828125,9.10563850402832,0.2,0.0003,-4.533899939060211,0.42633944749832153
497.83,50,204800,18,1448,210.63249648999997,18.437251210212708,0.3978293538093567,0.008019959,-0.01151897614763584,245,0.074365234375,7.098987102508545,0.2,0.0003,-4.515762972831726,0.4253058135509491
495.83,53,208896,19,1459,217.57891631,19.856812596321106,0.5599058866500854,0.007948915,-0.009944484703009949,250,0.067431640625,8.036213874816895,0.2,0.0003,-4.498361629247666,0.4246513843536377
495.03,55,212992,20,1470,231.81295261000002,24.799384689331056,0.9265584349632263,0.00838751,-0.010854851716430858,255,0.077294921875,15.060872077941895,0.2,0.0003,-4.4857714653015135,0.4239865839481354
494.14,58,217088,21,1481,242.68603503999998,24.335184574127197,0.9136315584182739,0.008339131,-0.009378156677121297,260,0.06689453125,9.530694961547852,0.2,0.0003,-4.474264252185821,0.4235306680202484
494.14,60,221184,22,1490,252.51442738999995,23.77163496017456,0.9081183671951294,0.0068779057,-0.009267929312773048,265,0.0580078125,12.096324920654297,0.2,0.0003,-4.4671495139598845,0.4232751429080963
494.43,62,225280,23,1497,263.5423851,26.40358521938324,0.7463545799255371,0.009092802,-0.012216975729097612,270,0.083154296875,13.084290504455566,0.2,0.0003,-4.462091088294983,0.4228619933128357
490.94,65,229376,24,1506,267.66756028,21.618707728385925,0.9248881340026855,0.0070969565,-0.008328974538017064,275,0.051513671875,9.914374351501465,0.2,0.0003,-4.451071530580521,0.422183096408844
489.21,68,233472,25,1487,268.81552246,55.84860372543335,0.8078351616859436,0.006283736,-0.007464140624506399,280,0.0537109375,29.660371780395508,0.2,0.0003,-4.4418110132217405,0.42191511392593384
487.1,71,237568,26,1493,276.64209157999994,43.46688983440399,0.6119217872619629,0.010704392,-0.013067360885906964,285,0.10478515625,17.847078323364258,0.2,0.0003,-4.428127491474152,0.42076975107192993
486.38,73,241664,27,1499,272.97866645999994,78.59968943595887,0.278977632522583,0.010471996,-0.011320691119180992,290,0.125,48.42799377441406,0.2,0.0003,-4.412483954429627,0.42052197456359863
484.56,76,245760,28,1502,276.48663583,52.580778455734254,0.4411050081253052,0.008295749,-0.009444212753442116,295,0.082177734375,21.49086570739746,0.2,0.0003,-4.4080836236476895,0.42031383514404297
483.77,78,249856,29,1509,275.11078505,56.675709295272824,0.35125571489334106,0.011317201,-0.01255892454937566,300,0.115966796875,24.951242446899414,0.2,0.0003,-4.4056373059749605,0.4201735854148865
481.67,81,253952,30,1515,273.89087341,46.112925338745114,0.3822886347770691,0.011069315,-0.011084274589666165,305,0.13154296875,32.078670501708984,0.2,0.0003,-4.406191051006317,0.4206424355506897
483.51,83,258048,31,1520,283.21726132,56.590678358078,0.2956632971763611,0.012817366,-0.009137598110828548,310,0.13115234375,20.51622200012207,0.2,0.0003,-4.41419438123703,0.42099764943122864
484.98,85,262144,32,1525,284.83689632,38.726650500297545,0.37234437465667725,0.009202371,-0.009252841514535249,315,0.100537109375,11.735102653503418,0.2,0.0003,-4.408690029382706,0.4199832081794739
484.07,89,266240,33,1512,285.40907949999996,29.70293810367584,0.4854852557182312,0.010989973,-0.013308411982143298,320,0.139697265625,14.092809677124023,0.2,0.0003,-4.385713213682175,0.4188889265060425
483.17,91,270336,34,1518,290.09696327,56.122887468338014,0.5014885663986206,0.009736419,-0.01059952806099318,325,0.10908203125,32.85053253173828,0.2,0.0003,-4.368414741754532,0.4181951880455017
483.11,94,274432,35,1524,298.30034250000006,40.42993953227997,0.7663443684577942,0.0073860325,-0.008817466504115145,330,0.07236328125,18.682790756225586,0.2,0.0003,-4.3592971622943875,0.41786643862724304
479.98,96,278528,36,1530,300.9720006,34.295404982566836,0.666664719581604,0.008772034,-0.0108210455509834,335,0.096826171875,21.24457550048828,0.2,0.0003,-4.347140806913376,0.41695284843444824
480.94,98,282624,37,1535,305.87572804,70.67450518608094,0.7600953578948975,0.008198367,-0.010022789344657213,340,0.083251953125,47.603511810302734,0.2,0.0003,-4.339358979463578,0.4172247350215912
478.65,101,286720,38,1540,306.12225617,35.036514806747434,0.7578054070472717,0.008815423,-0.008577446633717045,345,0.078369140625,11.937458038330078,0.2,0.0003,-4.34287041425705,0.417145311832428
476.6,103,290816,39,1544,316.5612307,69.1547209262848,0.644332766532898,0.008426066,-0.011103038396686315,350,0.100830078125,58.622535705566406,0.2,0.0003,-4.342542272806168,0.41735944151878357
475.99,105,294912,40,1549,318.35785839,41.425271487236024,0.8724132776260376,0.008339909,-0.00833408193429932,355,0.077734375,14.243609428405762,0.2,0.0003,-4.3422142446041105,0.41696614027023315
474.97,109,299008,41,1537,326.64605779,81.24111714363099,0.6881958246231079,0.009283034,-0.011129477841313929,360,0.086181640625,42.50603103637695,0.2,0.0003,-4.335121858119964,0.41675102710723877
474.3,111,303104,42,1540,321.68119942,53.497423148155214,0.5278735160827637,0.011317268,-0.01270582915749401,365,0.11689453125,25.411340713500977,0.2,0.0003,-4.334762698411941,0.416952520608902
469.76,114,307200,43,1540,328.08344394,69.16988053321839,0.5811485648155212,0.008198267,-0.010349661868531257,370,0.095654296875,28.695497512817383,0.2,0.0003,-4.335262650251389,0.4166960120201111
467.73,116,311296,44,1541,332.25477241,59.17947301864624,0.7921056151390076,0.008420963,-0.010335079667856916,375,0.084765625,26.868267059326172,0.2,0.0003,-4.3219913184642795,0.4155617654323578
467.86,119,315392,45,1542,336.47727198999996,47.602758622169496,0.8272806406021118,0.009858211,-0.011705068737501278,380,0.108740234375,22.754831314086914,0.2,0.0003,-4.301436817646026,0.41451114416122437
466.3,122,319488,46,1543,342.48501793,60.73898792266846,0.5885823965072632,0.009321712,-0.010086835618130863,385,0.08662109375,32.8682746887207,0.2,0.0003,-4.282461684942246,0.41374489665031433
463.74,124,323584,47,1546,340.55071857,26.358421564102173,0.877558171749115,0.0076829917,-0.009787450305884704,390,0.07041015625,12.657363891601562,0.2,0.0003,-4.2693670213222505,0.41290679574012756
468.13,126,327680,48,1548,348.09714203999994,77.59255137443543,0.6847331523895264,0.008182076,-0.00956271830946207,395,0.09326171875,28.23201560974121,0.2,0.0003,-4.261349934339523,0.41302889585494995
468.81,130,331776,49,1540,358.02653287,39.851144027709964,0.7855480909347534,0.00846708,-0.01069278487120755,400,0.082470703125,20.9854793548584,0.2,0.0003,-4.255448597669601,0.4120202362537384
468.39,132,335872,50,1543,363.52001604,73.46849207878113,0.5602191686630249,0.00976732,-0.012331297557102517,405,0.125341796875,34.95027160644531,0.2,0.0003,-4.242883956432342,0.4121399223804474
465.77,135,339968,51,1546,365.13861925000003,66.10392727851868,0.5076830387115479,0.009667897,-0.00860384973930195,410,0.1236328125,20.844215393066406,0.2,0.0003,-4.249225521087647,0.41257235407829285
467.26,137,344064,52,1550,372.41564117999997,113.7968388557434,0.4602094888687134,0.011434797,-0.011977869359543546,415,0.144482421875,62.25767517089844,0.2,0.0003,-4.259527194499969,0.413255900144577
465.06,139,348160,53,1551,382.39804791999995,43.44715013504028,0.7799993753433228,0.008588115,-0.010356266819871961,420,0.085986328125,17.760046005249023,0.2,0.0003,-4.262576377391815,0.4126017689704895
464.92,142,352256,54,1555,383.08670796,41.11252155303955,0.8839390277862549,0.0065912353,-0.007198315707501024,425,0.06044921875,14.993524551391602,0.2,0.0003,-4.250675612688065,0.41212961077690125
464.94,144,356352,55,1557,384.6574208300001,58.95096869468689,0.7954281568527222,0.0068967156,-0.007244462912785821,430,0.0603515625,25.811725616455078,0.2,0.0003,-4.241770333051681,0.4116339087486267
457.84,147,360448,56,1559,380.99856220000004,104.29305911064148,0.5267062187194824,0.011053484,-0.0074004398164106535,435,0.088623046875,37.149139404296875,0.2,0.0003,-4.23712255358696,0.4117606580257416
460.32,150,364544,57,1552,383.40261105999997,79.405313539505,0.5459361672401428,0.010270596,-0.008472235081717372,440,0.1298828125,59.07609558105469,0.2,0.0003,-4.244301968812943,0.4122559428215027
458.76,153,368640,58,1551,393.12826086000007,56.781272315979,0.7423845529556274,0.008234301,-0.008947049450944178,445,0.076513671875,27.601016998291016,0.2,0.0003,-4.244294053316116,0.41183847188949585
455.38,155,372736,59,1550,396.53128398,28.47542064189911,0.9252431988716125,0.0075953826,-0.008098836682620458,450,0.065771484375,11.777910232543945,0.2,0.0003,-4.234286969900131,0.4111506938934326
454.31,158,376832,60,1547,400.55872088,59.4664085149765,0.8708215355873108,0.009358579,-0.009522089903475717,455,0.1125,30.80396270751953,0.2,0.0003,-4.228648018836975,0.4114149510860443
451.22,161,380928,61,1549,401.73875196999995,33.40286340713501,0.9031341075897217,0.0076330006,-0.011108269546821248,460,0.092578125,15.389841079711914,0.2,0.0003,-4.225960367918015,0.4107446074485779
453.83,164,385024,62,1548,413.14226852,40.70646693706512,0.9292075037956238,0.010004734,-0.00941321742720902,465,0.0873046875,20.234670639038086,0.2,0.0003,-4.214879375696182,0.41048169136047363
456.74,166,389120,63,1548,423.392345,27.736612486839295,0.9469019770622253,0.0060113487,-0.008422366087324917,470,0.070703125,14.485633850097656,0.2,0.0003,-4.214358127117157,0.4106222987174988
455.81,169,393216,64,1548,426.7057837499999,25.220225286483764,0.9083659648895264,0.008597553,-0.011392912472365424,475,0.09794921875,10.313570976257324,0.2,0.0003,-4.211829024553299,0.4101463258266449
