time/total_timesteps,time/fps,rollout/ep_rew_mean,time/time_elapsed,rollout/ep_len_mean,time/iterations,train/std,train/policy_gradient_loss,train/entropy_loss,train/clip_fraction,train/loss,train/clip_range,train/approx_kl,train/explained_variance,train/learning_rate,train/value_loss,train/n_updates
729088,1973,364.0196312599999,2,500.0,1,,,,,,,,,,,
733184,1924,375.26327882,4,500.0,2,0.1498367190361023,-0.010208755783969537,3.828914886713028,0.11494140625,5.824370384216309,0.2,0.009613518,0.5767059326171875,0.0001,13.637835443019867,875
737280,1901,383.89420369000015,6,500.0,3,0.14978590607643127,-0.00815737000957597,3.835797992348671,0.08564453125,4.551910400390625,0.2,0.008290283,0.22536253929138184,0.0001,10.118211030960083,880
741376,1894,387.17225482000003,8,500.0,4,0.14970499277114868,-0.006677307913196273,3.8392920076847075,0.0853515625,4.247297763824463,0.2,0.007370284,0.34777969121932983,0.0001,9.50432966351509,885
745472,1890,393.90327757,10,500.0,5,0.1497664749622345,-0.008146993746049703,3.8403468638658524,0.086767578125,5.001379013061523,0.2,0.0075889872,0.2853325605392456,0.0001,10.815162408351899,890
749568,1888,398.70995903000005,13,500.0,6,0.14974424242973328,-0.008072833091136999,3.8383786976337433,0.11015625,4.3620147705078125,0.2,0.0101293735,0.5772595405578613,0.0001,9.221100598573685,895
753664,1874,401.30101794,15,500.0,7,0.1494956761598587,-0.007594959501875565,3.845652461051941,0.11904296875,3.3666536808013916,0.2,0.010504562,0.30257898569107056,0.0001,7.00677307844162,900
757760,1851,405.61885072999996,17,500.0,8,0.14949336647987366,-0.008202297671232373,3.852990460395813,0.110888671875,3.55538272857666,0.2,0.009367526,0.594027042388916,0.0001,8.63384051322937,905
761856,1839,409.21113484,20,500.0,9,0.1494973599910736,-0.008487052080454305,3.852261433005333,0.097119140625,3.9265599250793457,0.2,0.0077049644,0.3705698847770691,0.0001,8.86200841665268,910
765952,1831,412.19741328000003,22,500.0,10,0.14927761256694794,-0.010149985033785924,3.857870078086853,0.09658203125,2.789098024368286,0.2,0.008188015,0.2646072506904602,0.0001,6.796048945188522,915
770048,1826,413.90856272,24,500.0,11,0.14911764860153198,-0.009381409417255782,3.8685646086931227,0.11748046875,3.965708017349243,0.2,0.0108447075,0.30553507804870605,0.0001,9.26050626039505,920
774144,1831,417.79194483,26,500.0,12,0.1489342451095581,-0.006539142434485256,3.877239015698433,0.09716796875,4.9772186279296875,0.2,0.008664904,0.33867543935775757,0.0001,10.46990110874176,925
778240,1832,418.54780305,29,500.0,13,0.14892645180225372,-0.007796304346993565,3.882618415355682,0.09306640625,4.278106212615967,0.2,0.0075623067,0.5112729072570801,0.0001,8.768974584341048,930
782336,1830,421.6752015300001,31,500.0,14,0.148811474442482,-0.008419440209399909,3.8860627979040148,0.1072265625,3.265543222427368,0.2,0.008897575,0.4757242202758789,0.0001,7.41070190668106,935
786432,1832,421.8152551499999,33,500.0,15,0.14893577992916107,-0.009982036196743139,3.8865980446338653,0.101171875,3.72525691986084,0.2,0.009255702,0.45810019969940186,0.0001,7.618287521600723,940
790528,1661,423.83158892,39,500.0,16,0.14889593422412872,-0.00852431816747412,3.8826910316944123,0.10546875,2.9328222274780273,0.2,0.01000504,0.3985559344291687,0.0001,6.65523572564125,945
794624,1672,425.14063218,41,500.0,17,0.14884088933467865,-0.008785365574294702,3.8857579797506334,0.12421875,3.857837200164795,0.2,0.009651159,0.353241503238678,0.0001,6.9221068024635315,950
798720,1682,425.85657667,43,500.0,18,0.1486753523349762,-0.008166448309202679,3.891236221790314,0.10400390625,2.836134910583496,0.2,0.008548946,0.28288018703460693,0.0001,7.175269931554794,955
802816,1691,424.45491947999994,46,500.0,19,0.1482948511838913,-0.0069218023039866235,3.906013011932373,0.109423828125,3.012298107147217,0.2,0.009782771,0.3437652587890625,0.0001,5.958381843566895,960
806912,1699,424.52859873,48,500.0,20,0.14813841879367828,-0.0074724293255712835,3.9216539919376374,0.111376953125,4.98661994934082,0.2,0.0099982,0.5488101243972778,0.0001,10.40142115354538,965
811008,1707,423.74297072,50,500.0,21,0.14803019165992737,-0.008053308119997382,3.9282463282346725,0.11181640625,3.7943813800811768,0.2,0.00955699,0.607387363910675,0.0001,8.349050277471543,970
815104,1714,422.98547140999995,52,500.0,22,0.14795942604541779,-0.008325519130448811,3.9333651155233382,0.0935546875,2.9466660022735596,0.2,0.008078173,0.5656854510307312,0.0001,6.13960896730423,975
819200,1721,422.4356466400001,54,500.0,23,0.14806222915649414,-0.008682197879534215,3.933483916521072,0.096533203125,3.1836960315704346,0.2,0.008076513,0.47952425479888916,0.0001,8.247081100940704,980
823296,1727,423.08346833000013,56,500.0,24,0.14798088371753693,-0.00889335031970404,3.931614425778389,0.135205078125,3.9736809730529785,0.2,0.010144958,0.515690803527832,0.0001,7.888336873054504,985
827392,1732,426.6509520900001,59,500.0,25,0.14787441492080688,-0.008781969532719813,3.9370126008987425,0.097021484375,3.3826358318328857,0.2,0.0075990083,0.5004360675811768,0.0001,6.997759717702865,990
831488,1736,425.51736896999995,61,500.0,26,0.14778359234333038,-0.008981369953835383,3.9427614510059357,0.09736328125,3.539431571960449,0.2,0.008974855,0.5146414041519165,0.0001,6.405272853374481,995
835584,1740,425.00169993000003,63,500.0,27,0.14775042235851288,-0.006093279091874138,3.9458721369504928,0.092431640625,2.4867308139801025,0.2,0.009290686,0.39538973569869995,0.0001,5.087360447645187,1000
839680,1744,425.47353946000004,65,500.0,28,0.14763641357421875,-0.007976712385425345,3.9497056394815444,0.14033203125,4.381105422973633,0.2,0.011604169,0.08560001850128174,0.0001,8.85170512199402,1005
843776,1748,423.5856116399999,67,500.0,29,0.14769011735916138,-0.008470581070287152,3.952237445116043,0.120361328125,3.202730178833008,0.2,0.009730193,0.43200695514678955,0.0001,6.994496232271194,1010
847872,1752,425.99231651,70,500.0,30,0.14770014584064484,-0.00806170144933276,3.9497161746025085,0.11162109375,3.3287501335144043,0.2,0.008677856,0.6308430433273315,0.0001,6.899612450599671,1015
851968,1755,429.1294935899999,72,500.0,31,0.14773184061050415,-0.008331402973271906,3.9482851922512054,0.10927734375,2.2553839683532715,0.2,0.010307351,0.2894666790962219,0.0001,5.081960293650627,1020
856064,1674,433.65172268000003,78,500.0,32,0.14773571491241455,-0.008837550994940102,3.94723701775074,0.11083984375,1.9231045246124268,0.2,0.00967879,0.4262326955795288,0.0001,5.2314677983522415,1025
