time/time_elapsed,time/total_timesteps,time/iterations,rollout/ep_rew_mean,time/fps,rollout/ep_len_mean,train/clip_fraction,train/approx_kl,train/n_updates,train/std,train/loss,train/policy_gradient_loss,train/learning_rate,train/entropy_loss,train/clip_range,train/value_loss,train/explained_variance
2,1253376,1,365.28710391,1639,566.14,,,,,,,,,,,
5,1257472,2,362.82513435999994,1517,568.13,0.095263671875,0.007755454,1510,0.14432653784751892,28.96495819091797,-0.007974176236893981,0.0001,4.1333374857902525,0.2,61.52103362083435,0.8871252536773682
8,1261568,3,364.48526091,1474,570.93,0.10458984375,0.008544167,1515,0.14421948790550232,15.774806022644043,-0.012168410126469098,0.0001,4.138741236925125,0.2,37.04414236545563,0.9119093418121338
11,1265664,4,358.23369376000005,1475,567.74,0.08359375,0.007452774,1520,0.14421620965003967,35.91001510620117,-0.007726316567277536,0.0001,4.142006295919418,0.2,61.49239635467529,0.8843055963516235
13,1269760,5,349.3349159,1491,567.37,0.092431640625,0.009355655,1525,0.1441585272550583,39.26158905029297,-0.008761953067732975,0.0001,4.1434530973434445,0.2,67.39822812080384,0.9197733998298645
16,1273856,6,344.96526715999994,1519,566.47,0.080322265625,0.009195789,1530,0.14412283897399902,25.205276489257812,-0.010300206969259307,0.0001,4.146575391292572,0.2,54.042372703552246,0.9182398319244385
18,1277952,7,342.79911624,1554,561.23,0.09013671875,0.008470709,1535,0.1441306471824646,41.435997009277344,-0.010515158687485381,0.0001,4.147285383939743,0.2,68.32972271442414,0.9043349027633667
21,1282048,8,337.2297494,1559,558.68,0.070068359375,0.007518543,1540,0.1440451443195343,19.639738082885742,-0.006649637670489028,0.0001,4.148516988754272,0.2,45.05796632766724,0.908141553401947
23,1286144,9,329.40777749,1561,554.87,0.109619140625,0.011293753,1545,0.14383237063884735,20.391077041625977,-0.009930457163136452,0.0001,4.157545030117035,0.2,39.30263080596924,0.9055286049842834
26,1290240,10,328.66555005000004,1562,554.12,0.1078125,0.009198253,1550,0.143772155046463,35.29427719116211,-0.00980814838258084,0.0001,4.165681725740432,0.2,63.42847580909729,0.9064866900444031
28,1294336,11,323.23152828999997,1560,554.26,0.12470703125,0.010454292,1555,0.14384832978248596,24.801347732543945,-0.008548495252034627,0.0001,4.16477507352829,0.2,50.93620100021362,0.9216998219490051
31,1298432,12,313.62923754,1562,549.88,0.1046875,0.010399993,1560,0.14374351501464844,16.78980255126953,-0.010146980040008202,0.0001,4.164939594268799,0.2,36.76302847862244,0.8918038606643677
34,1302528,13,311.73994821,1562,549.23,0.11044921875,0.0099405255,1565,0.14383170008659363,18.285388946533203,-0.012233606047811919,0.0001,4.166599470376968,0.2,44.27596070766449,0.9308027625083923
36,1306624,14,309.47019402999996,1561,548.4,0.1017578125,0.008796196,1570,0.1437835395336151,25.27071762084961,-0.008619285927852615,0.0001,4.164510887861252,0.2,44.45450005531311,0.9153027534484863
39,1310720,15,303.77141853,1560,546.55,0.09365234375,0.008205238,1575,0.1439284384250641,23.36778450012207,-0.009660058008739725,0.0001,4.163386023044586,0.2,51.560796928405765,0.9218195080757141
44,1314816,16,304.77017334000004,1462,546.56,0.097216796875,0.009339159,1580,0.14388582110404968,25.16409683227539,-0.009675632318248972,0.0001,4.158955138921738,0.2,63.6098237991333,0.9182724356651306
47,1318912,17,311.85369229,1467,545.01,0.10869140625,0.009659142,1585,0.14375032484531403,20.69792938232422,-0.008714020159095526,0.0001,4.164338463544846,0.2,36.26847434043884,0.9190678596496582
50,1323008,18,310.72537531,1472,539.62,0.101708984375,0.009390769,1590,0.14373940229415894,30.83772850036621,-0.010470969884772785,0.0001,4.169235503673553,0.2,60.109259080886844,0.9232232570648193
52,1327104,19,313.54871561,1477,539.15,0.0900390625,0.008353753,1595,0.14370031654834747,19.21503448486328,-0.009334952049539425,0.0001,4.170202553272247,0.2,41.826274847984315,0.9361348152160645
55,1331200,20,310.83863914,1480,537.92,0.103515625,0.009606834,1600,0.14381761848926544,17.680383682250977,-0.008588489063549786,0.0001,4.1683545231819155,0.2,35.76804139614105,0.902677059173584
57,1335296,21,314.45869305,1484,536.81,0.1146484375,0.0096120145,1605,0.1437884420156479,26.440635681152344,-0.010815902013564482,0.0001,4.16468094587326,0.2,44.60120325088501,0.9383425712585449
60,1339392,22,313.35166418999995,1488,538.3,0.108642578125,0.009260423,1610,0.14374133944511414,21.163537979125977,-0.011671934826881624,0.0001,4.1678282678127285,0.2,52.39572491645813,0.9187777042388916
62,1343488,23,310.25506347,1499,539.97,0.088427734375,0.009309126,1615,0.1436777561903,25.00241470336914,-0.009537211194401606,0.0001,4.170583283901214,0.2,68.36163063049317,0.9306029081344604
65,1347584,24,306.62312551,1511,533.96,0.09296875,0.008197151,1620,0.14357827603816986,36.31171798706055,-0.010047865560045466,0.0001,4.174978196620941,0.2,62.53987808227539,0.9032938480377197
67,1351680,25,300.75066814,1520,536.83,0.0798828125,0.00808753,1625,0.14348191022872925,32.999271392822266,-0.00886982107476797,0.0001,4.18056812286377,0.2,76.35669932365417,0.9369317293167114
69,1355776,26,293.07662747,1530,534.82,0.07333984375,0.0071147867,1630,0.1433967500925064,35.842872619628906,-0.008304009758285246,0.0001,4.1854065418243405,0.2,90.66467447280884,0.9103694558143616
71,1359872,27,290.14611484,1538,531.77,0.06806640625,0.0075647,1635,0.1434500366449356,26.29220199584961,-0.007988043542718514,0.0001,4.1869041383266445,0.2,58.21613483428955,0.9462060928344727
74,1363968,28,294.14034609,1547,534.75,0.0685546875,0.006673816,1640,0.14332589507102966,27.059144973754883,-0.007425441441591829,0.0001,4.188252782821655,0.2,57.39930853843689,0.9350817203521729
76,1368064,29,298.60346656999997,1554,538.47,0.098779296875,0.009124056,1645,0.14321540296077728,24.577999114990234,-0.009285365566029213,0.0001,4.194549947977066,0.2,39.5776380777359,0.9363090991973877
78,1372160,30,302.34841987999994,1562,541.15,0.093896484375,0.008109253,1650,0.14325019717216492,25.28632926940918,-0.010584655837737955,0.0001,4.1973901212215425,0.2,45.31636490821838,0.9337465763092041
80,1376256,31,306.4760186,1569,542.75,0.0724609375,0.007287246,1655,0.14319738745689392,19.896738052368164,-0.008334021363407374,0.0001,4.197377091646194,0.2,37.76581575870514,0.9431843161582947
86,1380352,32,304.25897688000003,1518,543.8,0.111181640625,0.009506051,1660,0.1432475745677948,18.961448669433594,-0.008628202314139344,0.0001,4.198155468702316,0.2,37.0066159248352,0.9372283220291138
