joint,x_m,y_m,z_m,axis_x,axis_y,axis_z,lower_rad,upper_rad,external_ratio
FL_hip_pitch,0.12171751442127221,0.0932824855787278,0.115,0.7071067811865476,-0.7071067811865476,0.0,0,1.5707963267948966,1
FL_yaw,0.18571067811865474,0.17071067811865476,0.1245,0.0,0.0,1.0,-1.5707963267948966,0,1
FL_distal_pitch,0.2631388706585817,0.23470384181603732,0.115,0.7071067811865476,-0.7071067811865476,0.0,0,1.5707963267948966,1
RL_hip_pitch,-0.1082824855787278,0.10671751442127221,0.115,0.7071067811865476,0.7071067811865475,0.0,0,1.5707963267948966,1
RL_yaw,-0.18571067811865474,0.17071067811865476,0.1245,0.0,0.0,1.0,-1.5707963267948966,0,1
RL_distal_pitch,-0.24970384181603728,0.24813887065858173,0.115,0.7071067811865476,0.7071067811865475,0.0,0,1.5707963267948966,1
FR_hip_pitch,0.1082824855787278,-0.10671751442127221,0.115,-0.7071067811865476,-0.7071067811865476,0.0,0,1.5707963267948966,1
FR_yaw,0.18571067811865474,-0.17071067811865476,0.1245,0.0,0.0,1.0,-1.5707963267948966,0,1
FR_distal_pitch,0.2497038418160373,-0.24813887065858173,0.115,-0.7071067811865476,-0.7071067811865476,0.0,0,1.5707963267948966,1
RR_hip_pitch,-0.12171751442127221,-0.0932824855787278,0.115,-0.7071067811865476,0.7071067811865475,0.0,0,1.5707963267948966,1
RR_yaw,-0.18571067811865474,-0.17071067811865476,0.1245,0.0,0.0,1.0,-1.5707963267948966,0,1
RR_distal_pitch,-0.26313887065858166,-0.23470384181603732,0.115,-0.7071067811865476,0.7071067811865475,0.0,0,1.5707963267948966,1
