time/fps,rollout/ep_len_mean,time/iterations,rollout/ep_rew_mean,time/time_elapsed,time/total_timesteps,train/learning_rate,train/approx_kl,train/clip_fraction,train/value_loss,train/loss,train/n_updates,train/clip_range,train/policy_gradient_loss,train/explained_variance,train/std,train/entropy_loss
2205,568.21,1,368.18092001,1,1253376,,,,,,,,,,,
2109,570.08,2,370.85442007999995,3,1257472,0.0001,0.008341858,0.10830078125,29.930064153671264,11.775931358337402,1510,0.2,-0.008296536194393411,0.8997780084609985,0.14437298476696014,4.131677114963532
2031,572.22,3,380.61939908,6,1261568,0.0001,0.009846913,0.11591796875,19.287952744960783,8.921472549438477,1515,0.2,-0.01152575644373428,0.8323878049850464,0.14415527880191803,4.139060765504837
2027,572.56,4,390.15187207999986,8,1265664,0.0001,0.014030529,0.1625,17.46986628770828,8.637807846069336,1520,0.2,-0.00873225017276127,0.7868173122406006,0.14413005113601685,4.146184951066971
2018,573.4,5,388.02741691999995,10,1269760,0.0001,0.014238901,0.134423828125,20.472876179218293,8.988187789916992,1525,0.2,-0.007919052877696231,0.6396483182907104,0.14400212466716766,4.15059175491333
2016,570.89,6,388.22442726,12,1273856,0.0001,0.010296337,0.13447265625,41.88425931930542,13.207793235778809,1530,0.2,-0.00968135857838206,0.8228169083595276,0.14386628568172455,4.156866174936295
2017,567.03,7,391.78594905,14,1277952,0.0001,0.009666954,0.104638671875,51.79417719841003,24.06521987915039,1535,0.2,-0.008978755271527916,0.876319408416748,0.14391115307807922,4.160892647504807
2010,566.43,8,397.64284523000003,16,1282048,0.0001,0.010024979,0.105126953125,18.91795140504837,9.46615982055664,1540,0.2,-0.00959143734362442,0.7685292363166809,0.14379550516605377,4.161893647909165
2005,565.39,9,396.18309174999996,18,1286144,0.0001,0.008721428,0.097802734375,20.046489346027375,10.05759334564209,1545,0.2,-0.005958337179617956,0.8195565938949585,0.1437341719865799,4.167007690668106
1997,560.56,10,391.77015298999993,20,1290240,0.0001,0.0085527785,0.09013671875,44.71235058307648,19.199565887451172,1550,0.2,-0.00974173407885246,0.8439539670944214,0.14372745156288147,4.168798863887787
1995,561.21,11,395.21146924,22,1294336,0.0001,0.008876325,0.088916015625,31.32004585266113,15.624353408813477,1555,0.2,-0.007295043615158647,0.8434271812438965,0.14370310306549072,4.169852536916733
1997,561.42,12,393.7526138100001,24,1298432,0.0001,0.008453345,0.086962890625,32.96401228904724,20.02950096130371,1560,0.2,-0.009212797111831605,0.8650302290916443,0.14368148148059845,4.171046227216721
1997,559.11,13,393.9659464700001,26,1302528,0.0001,0.009412485,0.09794921875,25.42609021663666,11.687520980834961,1565,0.2,-0.007259508600691333,0.8837209939956665,0.14354510605335236,4.175107270479202
1998,558.52,14,394.7242996,28,1306624,0.0001,0.00858343,0.09755859375,34.96720912456512,15.470093727111816,1570,0.2,-0.008870358869899064,0.8400560617446899,0.14350564777851105,4.180763095617294
1999,558.69,15,393.36301577000006,30,1310720,0.0001,0.010060336,0.11015625,22.302212357521057,12.548164367675781,1575,0.2,-0.009266943315742538,0.8801683187484741,0.14352001249790192,4.180749291181565
1785,558.32,16,392.9669925400001,36,1314816,0.0001,0.00931604,0.1072265625,25.346126437187195,10.567172050476074,1580,0.2,-0.008846416260348633,0.8233426809310913,0.14339829981327057,4.183424371480942
1797,557.66,17,393.2485519999999,38,1318912,0.0001,0.007989537,0.098681640625,29.520532512664794,10.99386215209961,1585,0.2,-0.009163033193908631,0.816935658454895,0.143307626247406,4.18961130976677
1807,555.46,18,391.23099779000006,40,1323008,0.0001,0.008630193,0.086376953125,25.065656065940857,10.927780151367188,1590,0.2,-0.007808477724756813,0.8420551419258118,0.14314983785152435,4.196527284383774
1816,556.46,19,399.6709148899999,42,1327104,0.0001,0.009671578,0.12158203125,22.159519731998444,7.325937747955322,1595,0.2,-0.010442927933763713,0.8469692468643188,0.14309653639793396,4.202852058410644
1825,553.97,20,396.78690236,44,1331200,0.0001,0.007415124,0.0927734375,34.06501739025116,11.994232177734375,1600,0.2,-0.009987090798676945,0.8174915909767151,0.1430705487728119,4.204955291748047
1832,554.35,21,397.05867680000006,46,1335296,0.0001,0.009008674,0.106396484375,33.6962881565094,18.330810546875,1605,0.2,-0.008849047345574946,0.8925856351852417,0.14306175708770752,4.205874580144882
1839,554.14,22,392.25271409999993,48,1339392,0.0001,0.010487813,0.130859375,35.66636118888855,17.1425838470459,1610,0.2,-0.011247700173407793,0.8997879028320312,0.14320732653141022,4.202608942985535
1846,555.81,23,395.31626300999994,51,1343488,0.0001,0.007598588,0.087451171875,32.20630495548248,24.30328941345215,1615,0.2,-0.006279140044352971,0.8323067426681519,0.1432146430015564,4.197438251972199
1852,557.54,24,395.72790526999995,53,1347584,0.0001,0.0097507555,0.083447265625,38.71572735309601,18.096797943115234,1620,0.2,-0.007857309994869865,0.8527860641479492,0.14318063855171204,4.198654890060425
1859,556.71,25,398.03250661,55,1351680,0.0001,0.010700626,0.133447265625,22.343652522563936,9.696228981018066,1625,0.2,-0.008439492108300329,0.856670618057251,0.14308612048625946,4.201729732751846
1864,556.09,26,398.7215916900001,57,1355776,0.0001,0.008976005,0.12177734375,36.494822001457216,14.235224723815918,1630,0.2,-0.0087512178812176,0.8146747350692749,0.14308589696884155,4.205135160684586
1870,554.21,27,399.66663347,59,1359872,0.0001,0.01203038,0.106396484375,16.782072067260742,7.831973075866699,1635,0.2,-0.009155890022520907,0.8629101514816284,0.14309640228748322,4.2047041118144985
1875,556.33,28,401.7491422199999,61,1363968,0.0001,0.016293945,0.15458984375,15.732489240169524,6.874743461608887,1640,0.2,-0.010183215016149915,0.704753577709198,0.14312127232551575,4.204179269075394
1879,554.72,29,405.76249297000004,63,1368064,0.0001,0.013586044,0.142822265625,16.627614879608153,6.757917404174805,1645,0.2,-0.007239839981775731,0.7638494372367859,0.14294682443141937,4.206006860733032
1884,552.31,30,402.6941113099999,65,1372160,0.0001,0.0123853795,0.1779296875,13.355359661579133,6.032729625701904,1650,0.2,-0.00693878217425663,0.7720910310745239,0.14281946420669556,4.216863650083542
1887,550.87,31,405.47129269000004,67,1376256,0.0001,0.008642545,0.09365234375,28.394120621681214,12.509268760681152,1655,0.2,-0.008191462044487707,0.8845844864845276,0.14291536808013916,4.217136305570603
1811,550.75,32,402.01708575,72,1380352,0.0001,0.009155272,0.091357421875,41.752669024467465,11.134989738464355,1660,0.2,-0.00732037365087308,0.8093180656433105,0.14291562139987946,4.21391195654869
1769,553.22,33,400.8956004,76,1384448,0.0001,0.008668166,0.086328125,48.638643050193785,23.837295532226562,1665,0.2,-0.006827214802615345,0.8552558422088623,0.1428728699684143,4.215305501222611
1711,551.25,34,400.99335458999997,81,1388544,0.0001,0.009181267,0.093701171875,23.598773813247682,11.215363502502441,1670,0.2,-0.009031345252878964,0.8533830046653748,0.142836332321167,4.217258042097091
1660,549.38,35,398.35574083999984,86,1392640,0.0001,0.008050669,0.08876953125,32.583982539176944,16.785959243774414,1675,0.2,-0.00866728438413702,0.8883941173553467,0.14282163977622986,4.218982779979706
1615,549.04,36,400.8099430499999,91,1396736,0.0001,0.008639622,0.096044921875,22.183769941329956,8.522285461425781,1680,0.2,-0.008783250325359404,0.8823503255844116,0.14265643060207367,4.223416090011597
1574,548.86,37,401.76197669999993,96,1400832,0.0001,0.010772178,0.121728515625,22.649864029884338,14.848702430725098,1685,0.2,-0.011240561297745444,0.873131275177002,0.1426430344581604,4.229302966594696
1536,545.8,38,401.29028786999993,101,1404928,0.0001,0.009808581,0.1142578125,20.342216992378233,9.389618873596191,1690,0.2,-0.009231151978019625,0.8636249899864197,0.1426255702972412,4.229785913228989
1503,545.2,39,401.53592550999997,106,1409024,0.0001,0.007375666,0.098046875,30.62953943014145,11.288552284240723,1695,0.2,-0.009252820428810083,0.7660040855407715,0.14252814650535583,4.232662916183472
1473,543.18,40,403.4149452800001,111,1413120,0.0001,0.010280859,0.12255859375,22.467189931869505,8.987144470214844,1700,0.2,-0.009445605773362332,0.8372194170951843,0.14254148304462433,4.235388737916947
1447,541.67,41,396.10180218,116,1417216,0.0001,0.009440681,0.1111328125,22.87846771478653,10.728927612304688,1705,0.2,-0.008443776570493356,0.9008792638778687,0.142480731010437,4.23664773106575
1419,536.99,42,396.37356208,121,1421312,0.0001,0.009525811,0.109765625,34.444207549095154,14.046516418457031,1710,0.2,-0.010136170964688062,0.8179093599319458,0.1424151062965393,4.240746247768402
1396,537.56,43,403.23184507999997,126,1425408,0.0001,0.010605171,0.10732421875,13.830957055091858,6.15820837020874,1715,0.2,-0.006976118040620349,0.862892210483551,0.14240239560604095,4.242264813184738
1373,539.14,44,404.33655059000006,131,1429504,0.0001,0.010528621,0.118115234375,14.760901081562043,7.449282169342041,1720,0.2,-0.009071874435176142,0.787706196308136,0.14213347434997559,4.249728655815124
1352,538.21,45,409.12445905,136,1433600,0.0001,0.010566894,0.139208984375,16.396931517124177,7.314040184020996,1725,0.2,-0.00920646092708921,0.815146803855896,0.14196638762950897,4.262805503606796
1333,537.29,46,409.03860187999993,141,1437696,0.0001,0.010232068,0.12509765625,13.876789903640747,4.847993850708008,1730,0.2,-0.00818794305814663,0.8600747585296631,0.14183309674263,4.271779799461365
1315,536.55,47,408.25138173000005,146,1441792,0.0001,0.008533198,0.108740234375,41.41294853687286,17.691749572753906,1735,0.2,-0.009935624376521447,0.8788504004478455,0.14184154570102692,4.2751323819160465
1207,538.46,48,414.2518544400001,162,1445888,0.0001,0.010647057,0.1185546875,30.438262271881104,13.975629806518555,1740,0.2,-0.00947177026537247,0.8924885392189026,0.14185185730457306,4.274532014131546
1195,537.26,49,411.318623,167,1449984,0.0001,0.010275509,0.110595703125,25.83336822986603,13.090357780456543,1745,0.2,-0.00868460481869988,0.9000872373580933,0.14189061522483826,4.273361098766327
1184,538.43,50,411.28689282,172,1454080,0.0001,0.009576559,0.108154296875,14.28917953968048,6.361350059509277,1750,0.2,-0.0065486192499520255,0.8462440967559814,0.1418350487947464,4.2729393482208256
1173,537.0,51,412.9154519,177,1458176,0.0001,0.008478634,0.1095703125,40.39738934040069,24.779380798339844,1755,0.2,-0.00837957231560722,0.8661643266677856,0.14178809523582458,4.277006310224533
1162,534.47,52,409.72006403,183,1462272,0.0001,0.009014338,0.097216796875,18.77574065923691,8.562417984008789,1760,0.2,-0.0086614684027154,0.827326238155365,0.14170712232589722,4.280738824605942
1153,535.04,53,412.75919761000006,188,1466368,0.0001,0.008626678,0.107470703125,25.01404242515564,10.42602825164795,1765,0.2,-0.008495627142838202,0.8932232856750488,0.14163044095039368,4.284972429275513
1145,534.09,54,416.77400828000003,193,1470464,0.0001,0.010266871,0.122802734375,13.965876054763793,7.505764484405518,1770,0.2,-0.006124330007878598,0.7777699828147888,0.1415310800075531,4.289114058017731
1137,535.79,55,419.50244836999997,198,1474560,0.0001,0.010446129,0.113427734375,12.645038604736328,6.364147663116455,1775,0.2,-0.007684220556984656,0.8025562763214111,0.14149458706378937,4.293936461210251
1129,535.66,56,412.80497661999993,203,1478656,0.0001,0.009749003,0.13115234375,18.59244223833084,5.486643314361572,1780,0.2,-0.008200858242344112,0.9216902256011963,0.14162704348564148,4.29130602478981
1122,535.5,57,409.97243291000007,208,1482752,0.0001,0.009177828,0.090625,9.835519021749496,5.080813884735107,1785,0.2,-0.006012801738688722,0.8739480376243591,0.1416378617286682,4.286517477035522
1114,535.89,58,411.30657806000005,213,1486848,0.0001,0.008496293,0.12041015625,13.711874783039093,6.396578311920166,1790,0.2,-0.007597068315953947,0.7976228594779968,0.141567200422287,4.289124041795731
1107,538.2,59,415.42042985,218,1490944,0.0001,0.0098030325,0.114404296875,15.937660229206084,7.174749374389648,1795,0.2,-0.008600666566053405,0.7973414063453674,0.14157840609550476,4.2912667214870455
1100,538.37,60,415.9493391099999,223,1495040,0.0001,0.009078577,0.107470703125,26.056576979160308,12.165085792541504,1800,0.2,-0.006263429549289867,0.8598313927650452,0.14150717854499817,4.292929881811142
1095,536.18,61,417.30034363,228,1499136,0.0001,0.011546142,0.13525390625,28.37982909679413,14.551107406616211,1805,0.2,-0.011616262549068779,0.9090249538421631,0.1413872092962265,4.298191553354263
1089,537.8,62,424.36082812999996,233,1503232,0.0001,0.012556179,0.144873046875,13.186152642965316,5.537598609924316,1810,0.2,-0.010526882135309279,0.6735380291938782,0.14130766689777374,4.303203970193863
1084,538.99,63,427.12590706000003,238,1507328,0.0001,0.020394033,0.163720703125,7.679221075773239,3.8090622425079346,1815,0.2,-0.0075316435162676495,0.7319697141647339,0.14112795889377594,4.310551172494888
1030,538.42,64,429.32099005000003,254,1511424,0.0001,0.009484728,0.12705078125,17.192701530456542,6.013451099395752,1820,0.2,-0.005811393327894621,0.7579941749572754,0.14119121432304382,4.314784830808639
1026,539.4,65,433.17865177,259,1515520,0.0001,0.01386936,0.123681640625,10.989755177497864,5.3535590171813965,1825,0.2,-0.009433153143618256,0.6542562246322632,0.14107385277748108,4.31515217423439
1022,538.84,66,431.42851703,264,1519616,0.0001,0.010219324,0.151708984375,11.230357015132904,5.036585330963135,1830,0.2,-0.005546830513048917,0.7692583203315735,0.14097049832344055,4.3221155345439914
1019,538.41,67,433.09681648,269,1523712,0.0001,0.011011932,0.122705078125,15.707194101810455,6.410647869110107,1835,0.2,-0.00964192624669522,0.8344459533691406,0.14080345630645752,4.330339282751083
1015,539.64,68,434.56395988,274,1527808,0.0001,0.009960445,0.122119140625,15.992818880081177,9.275148391723633,1840,0.2,-0.008976476178213488,0.7806729078292847,0.14058613777160645,4.340185105800629
1012,538.14,69,438.52807775,279,1531904,0.0001,0.01114816,0.137744140625,13.141515624523162,5.558365345001221,1845,0.2,-0.00857605851488188,0.7822430729866028,0.14045047760009766,4.352060449123383
1009,538.87,70,440.94505147999996,284,1536000,0.0001,0.011838891,0.142822265625,18.782182586193084,8.123612403869629,1850,0.2,-0.008606650427100248,0.8305395245552063,0.1404253989458084,4.356079483032227
1005,539.23,71,441.02598038,289,1540096,0.0001,0.009431714,0.10693359375,19.508144736289978,8.345134735107422,1855,0.2,-0.009848708243225701,0.8007375001907349,0.14029836654663086,4.3592884004116055
1002,538.59,72,442.0594794699999,294,1544192,0.0001,0.010981312,0.133837890625,14.541980493068696,7.8993072509765625,1860,0.2,-0.008368028327822685,0.7916942238807678,0.1401871144771576,4.367129772901535
999,538.48,73,444.0250209799999,299,1548288,0.0001,0.0100010205,0.135400390625,14.777701652050018,7.198420524597168,1865,0.2,-0.009994160747737624,0.8414249420166016,0.14013797044754028,4.370902955532074
997,537.8,74,451.44779861,303,1552384,0.0001,0.011405012,0.106982421875,11.025782978534698,4.9278998374938965,1870,0.2,-0.007806855169474147,0.7508506178855896,0.1400541067123413,4.374606901407242
1002,537.64,75,448.2382217499999,306,1556480,0.0001,0.010948919,0.1330078125,10.25446308851242,4.437503814697266,1875,0.2,-0.009599346469622105,0.7232962846755981,0.13977891206741333,4.385198193788528
1009,536.89,76,446.0886705200001,308,1560576,0.0001,0.009920385,0.129345703125,19.292554354667665,9.24515151977539,1880,0.2,-0.009550389862852171,0.8098397850990295,0.13962042331695557,4.397807455062866
1015,537.05,77,444.82391211000004,310,1564672,0.0001,0.008237804,0.106103515625,20.13520940542221,6.959166049957275,1885,0.2,-0.009541338309645653,0.7969103455543518,0.13959833979606628,4.403330707550049
1022,538.12,78,446.91169162000006,312,1568768,0.0001,0.010771948,0.124658203125,8.449021226167678,3.6602790355682373,1890,0.2,-0.008279455377487466,0.7324292063713074,0.1395915448665619,4.40307908654213
1028,538.72,79,449.27425069000003,314,1572864,0.0001,0.011153918,0.13095703125,9.167555665969848,3.338505506515503,1895,0.2,-0.006567267209175043,0.7491371631622314,0.13929295539855957,4.4117333590984344
1023,540.04,80,449.52891657999993,320,1576960,0.0001,0.01077004,0.15224609375,9.020507031679154,4.533792495727539,1900,0.2,-0.006765823322348296,0.7660096287727356,0.13916409015655518,4.4250923037528995
1029,539.34,81,450.5217999499999,322,1581056,0.0001,0.011073683,0.1349609375,9.048758882284165,4.169686317443848,1905,0.2,-0.010345631744712591,0.7627453804016113,0.13907817006111145,4.430480712652207
1035,539.6,82,450.8694425300001,324,1585152,0.0001,0.011260694,0.1328125,9.772926157712936,4.193593978881836,1910,0.2,-0.010244124539894983,0.7726966142654419,0.13896197080612183,4.436056941747665
1041,539.21,83,451.58411634000004,326,1589248,0.0001,0.009177692,0.12607421875,7.953305381536484,3.850843667984009,1915,0.2,-0.009041278186487034,0.7827870845794678,0.13904665410518646,4.437751764059067
1047,537.5,84,456.05364369999995,328,1593344,0.0001,0.010648621,0.139111328125,8.117420035600663,3.324108839035034,1920,0.2,-0.010041451622964815,0.7827723622322083,0.13898220658302307,4.436127334833145
1053,538.25,85,456.76507283,330,1597440,0.0001,0.009892963,0.109765625,6.817989325523376,3.130173683166504,1925,0.2,-0.009248634788673372,0.8007206916809082,0.138848215341568,4.441604650020599
1059,539.12,86,458.20410963,332,1601536,0.0001,0.01025497,0.087255859375,10.557348853349685,5.485403060913086,1930,0.2,-0.007620200008386746,0.8541651368141174,0.13879574835300446,4.447968739271164
1065,539.64,87,457.0045114899999,334,1605632,0.0001,0.00903173,0.099853515625,11.509431731700897,5.616328239440918,1935,0.2,-0.009205771406413987,0.8179497718811035,0.13847464323043823,4.458546364307404
1070,539.54,88,457.19183085,336,1609728,0.0001,0.010058431,0.110302734375,10.677900815010071,5.516438007354736,1940,0.2,-0.009093087672954425,0.818433940410614,0.13828018307685852,4.473689126968384
1076,538.97,89,460.46041201,338,1613824,0.0001,0.010686458,0.1169921875,8.612267446517944,4.2263288497924805,1945,0.2,-0.007589637275668792,0.7806720733642578,0.13814707100391388,4.4831657111644745
1081,538.99,90,462.16749694000004,341,1617920,0.0001,0.009652084,0.13076171875,7.096964585781097,3.665739059448242,1950,0.2,-0.006798906851327047,0.7852798700332642,0.13803181052207947,4.489844918251038
1085,539.23,91,462.37058434,343,1622016,0.0001,0.007929615,0.08935546875,9.231579178571701,4.2824387550354,1955,0.2,-0.007757940300507471,0.8262414932250977,0.1378645896911621,4.497500532865525
1090,538.48,92,462.27536686999997,345,1626112,0.0001,0.011626713,0.12255859375,14.397244441509248,7.4962286949157715,1960,0.2,-0.010498101252596825,0.7689294815063477,0.1378837376832962,4.503038078546524
1095,537.68,93,462.64006173,347,1630208,0.0001,0.00783109,0.077001953125,12.416080260276795,7.595231056213379,1965,0.2,-0.007765467633726075,0.781072199344635,0.13765019178390503,4.507408112287521
1101,538.1,94,464.1663776300001,349,1634304,0.0001,0.011354317,0.121875,8.408425778150558,3.8664145469665527,1970,0.2,-0.009267688074032776,0.7771698832511902,0.13767379522323608,4.515328198671341
1106,538.22,95,463.32881019,351,1638400,0.0001,0.008503841,0.084228515625,14.413522255420684,6.460373878479004,1975,0.2,-0.008636386215221137,0.8321958780288696,0.1376783847808838,4.513585186004638
1100,538.02,96,465.63276634999994,357,1642496,0.0001,0.008856995,0.09794921875,10.798029863834381,6.060169696807861,1980,0.2,-0.009739379782695323,0.7997181415557861,0.13753817975521088,4.5167384326457976
1105,538.69,97,461.88601332999997,359,1646592,0.0001,0.010499153,0.095361328125,19.151692306995393,7.443689823150635,1985,0.2,-0.008133723857463337,0.8667737245559692,0.13752786815166473,4.522404956817627
1110,540.58,98,459.48598663000007,361,1650688,0.0001,0.011285448,0.11435546875,21.196457147598267,9.723584175109863,1990,0.2,-0.009361383086070419,0.9118906259536743,0.13745854794979095,4.524006086587906
1115,539.22,99,460.0256358499999,363,1654784,0.0001,0.008087974,0.098046875,22.74073153734207,13.824304580688477,1995,0.2,-0.008960606300388464,0.8771747350692749,0.13745126128196716,4.526518511772156
1120,539.59,100,459.59882635,365,1658880,0.0001,0.0069894544,0.077783203125,11.330696702003479,5.69699764251709,2000,0.2,-0.006956090568564832,0.7993407249450684,0.13739441335201263,4.5281218647956845
1125,538.63,101,462.52534880999997,367,1662976,0.0001,0.011210024,0.113330078125,10.09673660993576,4.196784496307373,2005,0.2,-0.01028661526797805,0.7840763330459595,0.1372423768043518,4.534130185842514
1130,538.74,102,463.45201505000006,369,1667072,0.0001,0.01209042,0.122607421875,10.43345702290535,5.643797397613525,2010,0.2,-0.007746905658859759,0.746762752532959,0.1372215300798416,4.5393833220005035
1135,539.69,103,464.6602128299999,371,1671168,0.0001,0.010902856,0.13251953125,8.006642830371856,4.610628604888916,2015,0.2,-0.009032724873395636,0.7696120738983154,0.13711941242218018,4.542567670345306
1140,539.66,104,465.42479234,373,1675264,0.0001,0.011606834,0.12578125,11.31835379600525,5.30963134765625,2020,0.2,-0.009132918414252345,0.8076275587081909,0.13698719441890717,4.5504279136657715
1145,540.04,105,466.9401784,375,1679360,0.0001,0.00952708,0.121923828125,8.134044706821442,3.7984111309051514,2025,0.2,-0.00911095574265346,0.7766709327697754,0.13693395256996155,4.555834579467773
1149,540.48,106,468.91077870999993,377,1683456,0.0001,0.011441932,0.124755859375,9.463940572738647,4.295716762542725,2030,0.2,-0.008780953750829212,0.7477776408195496,0.13694459199905396,4.556339508295059
1154,540.68,107,468.87082768999994,379,1687552,0.0001,0.01087991,0.12744140625,9.450747054815292,4.216623783111572,2035,0.2,-0.008977534242148977,0.7333962917327881,0.13697730004787445,4.555344021320343
1159,540.89,108,471.56686988999996,381,1691648,0.0001,0.009588813,0.114013671875,13.430368554592132,7.382579803466797,2040,0.2,-0.007844962252420373,0.8262630701065063,0.13680453598499298,4.559151929616928
1163,540.34,109,472.2247453,383,1695744,0.0001,0.010069864,0.122021484375,8.001665896177292,3.382988691329956,2045,0.2,-0.007180814107414335,0.771442711353302,0.13686227798461914,4.563631808757782
1168,540.47,110,475.95687591,385,1699840,0.0001,0.01124756,0.11259765625,5.744456005096436,2.949846029281616,2050,0.2,-0.007007590806460939,0.644107460975647,0.13655290007591248,4.569280022382737
1172,538.39,111,477.95848169000004,387,1703936,0.0001,0.011509859,0.135205078125,7.839896547794342,4.719130039215088,2055,0.2,-0.0080786039121449,0.7999228239059448,0.136610746383667,4.5792523443698885
1166,538.31,112,481.21774641,393,1708032,0.0001,0.01139787,0.1501953125,7.0013242840766905,3.1376070976257324,2060,0.2,-0.010380780935520306,0.7827742695808411,0.13651464879512787,4.579254996776581
1170,539.03,113,482.69206921,395,1712128,0.0001,0.012700844,0.1181640625,7.026836156845093,3.052683115005493,2065,0.2,-0.007511537797108758,0.7607276439666748,0.13641014695167542,4.585603708028794
1175,539.33,114,482.57575972000006,397,1716224,0.0001,0.01069019,0.139404296875,7.089276760816574,3.734302282333374,2070,0.2,-0.009106795897241681,0.7698671221733093,0.136296808719635,4.591341692209244
1179,539.53,115,481.70719621999996,399,1720320,0.0001,0.010214027,0.1314453125,9.999805027246476,4.042648792266846,2075,0.2,-0.008654658164596185,0.8070375919342041,0.13630074262619019,4.5951095700263975
1183,539.15,116,482.90752524,401,1724416,0.0001,0.010282011,0.121533203125,9.798866647481919,4.648678302764893,2080,0.2,-0.010347177553921939,0.7581025958061218,0.13619884848594666,4.596746897697448
1187,538.65,117,483.62468483,403,1728512,0.0001,0.009482842,0.097705078125,11.638514304161072,5.024186611175537,2085,0.2,-0.007637885498115793,0.77889084815979,0.13619175553321838,4.600586092472076
1192,538.71,118,482.01344161000003,405,1732608,0.0001,0.010044939,0.12919921875,12.98621723651886,6.935424327850342,2090,0.2,-0.009806652262341231,0.7516801357269287,0.13610675930976868,4.602812427282333
1196,538.4,119,483.48426006,407,1736704,0.0001,0.011469701,0.14365234375,7.465022760629654,3.4092495441436768,2095,0.2,-0.009214693028479815,0.8465445637702942,0.1360311508178711,4.60764439702034
1200,538.65,120,483.88608179999994,409,1740800,0.0001,0.0095903985,0.11435546875,7.3594838082790375,2.973318338394165,2100,0.2,-0.008398568577831611,0.6865329742431641,0.13596448302268982,4.611810874938965
1204,538.54,121,483.7921839800001,411,1744896,0.0001,0.0072000837,0.10107421875,13.844165742397308,7.589514255523682,2105,0.2,-0.007937366468831896,0.7464094161987305,0.1359308958053589,4.614826881885529
1208,538.77,122,483.14429334,413,1748992,0.0001,0.013066841,0.132666015625,7.045745855569839,3.2203972339630127,2110,0.2,-0.011254805664066225,0.7433582544326782,0.13582178950309753,4.618624967336655
1212,538.32,123,482.54079768,415,1753088,0.0001,0.0122245755,0.12490234375,6.029541999101639,3.12109375,2115,0.2,-0.00754570326389512,0.7772151827812195,0.13559012115001678,4.62901890873909
1216,538.84,124,484.40315582999995,417,1757184,0.0001,0.009220276,0.08232421875,9.709110450744628,4.788145542144775,2120,0.2,-0.007139186671702191,0.7205391526222229,0.13543419539928436,4.640890198945999
1220,538.01,125,483.10993714000006,419,1761280,0.0001,0.0136571,0.15205078125,6.477617156505585,2.7367422580718994,2125,0.2,-0.012456832657335326,0.7669269442558289,0.1352759748697281,4.650584727525711
1223,538.57,126,483.37422556000007,421,1765376,0.0001,0.010108072,0.13408203125,8.216436541080474,3.48339581489563,2130,0.2,-0.009953094844240696,0.789534330368042,0.13514797389507294,4.658574283123016
1227,539.43,127,482.71967057999996,423,1769472,0.0001,0.00894525,0.10458984375,10.5597501039505,6.429601192474365,2135,0.2,-0.007968559610890224,0.7969328165054321,0.13512387871742249,4.663873535394669
1221,539.2,128,485.90689184,429,1773568,0.0001,0.011169495,0.11337890625,8.554059183597564,4.11191987991333,2140,0.2,-0.008898314437828958,0.7700053453445435,0.13520118594169617,4.662399446964264
1224,539.04,129,485.74876615,431,1777664,0.0001,0.011526795,0.13876953125,6.6944911777973175,3.4624805450439453,2145,0.2,-0.010219854363822379,0.760685920715332,0.13516651093959808,4.660131800174713
1228,538.7,130,486.0954203899999,433,1781760,0.0001,0.013340161,0.11689453125,8.203840345144272,4.540299415588379,2150,0.2,-0.00849773027584888,0.7352985739707947,0.13505609333515167,4.6652475714683534
1232,537.22,131,487.46671900999996,435,1785856,0.0001,0.012021026,0.144189453125,7.44503293633461,3.855057954788208,2155,0.2,-0.006755805050488561,0.6915122270584106,0.13495010137557983,4.671043646335602
1235,536.56,132,486.54024670000007,437,1789952,0.0001,0.009014179,0.14140625,9.441325390338898,3.3192338943481445,2160,0.2,-0.008345293073216454,0.7881247997283936,0.1349443644285202,4.675351536273956
1239,535.19,133,488.14306897999995,439,1794048,0.0001,0.013408283,0.137939453125,7.241007202863694,3.703674077987671,2165,0.2,-0.008142390922876075,0.7653931975364685,0.13487353920936584,4.67732048034668
1243,534.68,134,488.90510193999995,441,1798144,0.0001,0.0107736215,0.126171875,7.234106862545014,3.0751166343688965,2170,0.2,-0.008101730005000718,0.7291083335876465,0.13477754592895508,4.682363337278366
1246,534.91,135,490.31597454,443,1802240,0.0001,0.009670211,0.13076171875,5.7956890106201175,3.1127231121063232,2175,0.2,-0.009429785297834314,0.6705847382545471,0.13468262553215027,4.687710016965866
1250,535.75,136,492.4178929300001,445,1806336,0.0001,0.011395831,0.148388671875,5.372265708446503,2.4545774459838867,2180,0.2,-0.00844422509544529,0.7200318574905396,0.13477852940559387,4.6890955626964566
1253,534.95,137,493.61814166000005,447,1810432,0.0001,0.012449801,0.146484375,6.301957815885544,2.682870626449585,2185,0.2,-0.008250051375944168,0.6708123683929443,0.13458722829818726,4.690992432832718
1257,534.34,138,495.0966821899999,449,1814528,0.0001,0.01170494,0.132177734375,5.512781336903572,2.525639772415161,2190,0.2,-0.006919993023620919,0.7513787746429443,0.13440361618995667,4.701854914426804
1260,532.53,139,495.85382037999995,451,1818624,0.0001,0.010800813,0.12685546875,5.55844754576683,2.48073148727417,2195,0.2,-0.009366612762096337,0.6152114868164062,0.1340595930814743,4.717642503976822
1264,531.65,140,498.10220318999995,453,1822720,0.0001,0.01279103,0.137939453125,4.858524948358536,2.675577402114868,2200,0.2,-0.007483054141630419,0.5747975707054138,0.13387179374694824,4.734207707643509
1267,531.51,141,498.22217132,455,1826816,0.0001,0.0087185595,0.090087890625,6.186991780996323,3.5725913047790527,2205,0.2,-0.007654676417587325,0.7010258436203003,0.1336125135421753,4.747042495012283
1271,531.7,142,498.32674008000004,457,1830912,0.0001,0.011889565,0.155859375,4.411491000652314,2.4235877990722656,2210,0.2,-0.010339375378680415,0.6540097594261169,0.13357757031917572,4.756889921426773
1274,531.77,143,499.73114520999997,459,1835008,0.0001,0.009671938,0.131884765625,6.9111645996570585,3.767146110534668,2215,0.2,-0.008768974180566148,0.6991199254989624,0.1335359513759613,4.757933413982391
1267,533.04,144,501.2150504899999,465,1839104,0.0001,0.008781191,0.0908203125,8.236645740270614,3.537766933441162,2220,0.2,-0.008020048250909895,0.6921653747558594,0.13347741961479187,4.762325632572174
1270,532.66,145,502.48919056000005,467,1843200,0.0001,0.010897887,0.127099609375,4.314646711945533,2.0385866165161133,2225,0.2,-0.0071583758050110195,0.8223351240158081,0.13340291380882263,4.766180151700974
1274,534.25,146,503.52781140999997,469,1847296,0.0001,0.0120454375,0.124853515625,7.051132315397263,4.248737335205078,2230,0.2,-0.00867178863263689,0.7226748466491699,0.1333567500114441,4.769731789827347
1277,535.16,147,505.00241372999994,471,1851392,0.0001,0.013759296,0.1466796875,4.608473992347717,2.680964708328247,2235,0.2,-0.008626629486388992,0.6894131898880005,0.13340350985527039,4.770213937759399
1280,535.95,148,505.14386210000004,473,1855488,0.0001,0.01007117,0.116943359375,8.080082023143769,4.085810661315918,2240,0.2,-0.009293104894459248,0.7883725166320801,0.13334883749485016,4.770576131343842
1283,535.91,149,505.05840959999995,475,1859584,0.0001,0.009719087,0.110205078125,7.714486688375473,4.098730087280273,2245,0.2,-0.0075163468369282786,0.688459575176239,0.13327299058437347,4.774884617328643
1286,536.74,150,506.41180149,477,1863680,0.0001,0.011229865,0.144921875,4.844457268714905,2.1321024894714355,2250,0.2,-0.011167181108612567,0.6709871292114258,0.1332501918077469,4.778642535209656
1289,536.7,151,506.84260322,479,1867776,0.0001,0.010990878,0.132080078125,5.195540258288384,2.863725185394287,2255,0.2,-0.009355697003775277,0.6445707082748413,0.13305068016052246,4.783631539344787
1293,537.89,152,506.77760305,481,1871872,0.0001,0.012742449,0.150048828125,5.186902338266373,2.056705951690674,2260,0.2,-0.009841880260501057,0.7030305862426758,0.132951557636261,4.793584132194519
1296,539.82,153,506.40947717999995,483,1875968,0.0001,0.010762678,0.121533203125,5.111531144380569,2.868220090866089,2265,0.2,-0.008670641307253391,0.6864703893661499,0.13281583786010742,4.801402223110199
1299,540.43,154,507.73361665000004,485,1880064,0.0001,0.0073527303,0.086083984375,8.153065979480743,3.8666200637817383,2270,0.2,-0.007730616180924699,0.7823665738105774,0.1327127069234848,4.808470302820206
1302,540.64,155,508.08010154,487,1884160,0.0001,0.010087607,0.116650390625,4.747470813989639,2.3665874004364014,2275,0.2,-0.009941770153818651,0.6742535829544067,0.13257482647895813,4.815712797641754
1305,540.59,156,508.8471245300001,489,1888256,0.0001,0.009176025,0.106201171875,5.652994525432587,2.360546588897705,2280,0.2,-0.007489563265698962,0.7058191299438477,0.1324719786643982,4.823579436540603
1308,540.25,157,509.34781865000014,491,1892352,0.0001,0.011870628,0.117578125,5.181888616085052,2.8921892642974854,2285,0.2,-0.007506734074559063,0.7187618017196655,0.13241389393806458,4.827614408731461
1311,541.73,158,509.25564928000006,493,1896448,0.0001,0.009719022,0.094921875,7.948203963041306,3.743886947631836,2290,0.2,-0.007280524316593073,0.809590220451355,0.1322849690914154,4.833530908823013
1313,542.26,159,508.56356191,495,1900544,0.0001,0.007733302,0.114501953125,8.597078013420106,4.384339332580566,2295,0.2,-0.009134827856905758,0.6674152612686157,0.13221776485443115,4.8402046144008635
1307,541.2,160,508.55717288000005,501,1904640,0.0001,0.008634802,0.110546875,5.327490213513374,2.296855926513672,2300,0.2,-0.009874031451181509,0.7722657918930054,0.13197070360183716,4.848599433898926
1310,541.27,161,508.67413615,503,1908736,0.0001,0.008956128,0.11708984375,5.932001841068268,2.9618613719940186,2305,0.2,-0.009211679792497308,0.736289381980896,0.13184483349323273,4.860903233289719
1312,541.53,162,509.32388261999995,505,1912832,0.0001,0.00896132,0.12265625,4.553239831328392,1.7766227722167969,2310,0.2,-0.009071346983546391,0.7627000212669373,0.13175073266029358,4.86676339507103
1315,541.54,163,508.3359439899999,507,1916928,0.0001,0.012068643,0.158837890625,4.626619371771812,2.0078887939453125,2315,0.2,-0.010342959463014268,0.7367584705352783,0.1316368281841278,4.87313089966774
1318,541.59,164,508.47603247000006,509,1921024,0.0001,0.010216938,0.1265625,5.590059402585029,2.7185556888580322,2320,0.2,-0.00751830954104662,0.7529056668281555,0.13152572512626648,4.879722648859024
1321,540.68,165,509.79973376999993,511,1925120,0.0001,0.010128801,0.124609375,5.408957853913307,2.237562417984009,2325,0.2,-0.008165476031717845,0.7304693460464478,0.1313837766647339,4.886723065376282
1324,539.2,166,509.0129256100001,513,1929216,0.0001,0.0089334175,0.120751953125,3.9808944404125213,2.2698278427124023,2330,0.2,-0.008227258105762303,0.7780230641365051,0.13126853108406067,4.895294719934464
1327,536.85,167,509.62520361999987,515,1933312,0.0001,0.010166096,0.124951171875,4.4430299460887905,2.2335150241851807,2335,0.2,-0.008009552210569381,0.6985201835632324,0.1311541199684143,4.90249040722847
1329,536.44,168,510.40500149,517,1937408,0.0001,0.00963708,0.110107421875,4.547176247835159,2.0988011360168457,2340,0.2,-0.006454697618028149,0.6918579936027527,0.13103963434696198,4.909184575080872
1332,534.92,169,509.07690340999994,519,1941504,0.0001,0.010799395,0.120361328125,4.598587316274643,2.1144466400146484,2345,0.2,-0.008178165825665929,0.7528468370437622,0.13097570836544037,4.9155003190040585
1334,534.3,170,509.95160096,521,1945600,0.0001,0.011303228,0.130908203125,5.848992311954499,3.305574893951416,2350,0.2,-0.008804555618553422,0.6398701071739197,0.13101784884929657,4.9158735871315
1337,533.1,171,511.02611057999997,523,1949696,0.0001,0.011122791,0.12890625,4.167528685927391,1.695433259010315,2355,0.2,-0.009357767936307937,0.7332714796066284,0.1309327334165573,4.917448163032532
1339,533.14,172,511.85042754999995,525,1953792,0.0001,0.010434713,0.12734375,5.395908352732659,2.807224988937378,2360,0.2,-0.00829179878346622,0.686596155166626,0.13081923127174377,4.923875606060028
1342,533.83,173,512.92425187,527,1957888,0.0001,0.011352498,0.127880859375,4.455339422821998,1.792510747909546,2365,0.2,-0.009997181390644982,0.6877331733703613,0.13072262704372406,4.930820912122726
1345,533.97,174,513.31764529,529,1961984,0.0001,0.010604061,0.120361328125,4.80731833577156,2.224203109741211,2370,0.2,-0.010089040399179794,0.721015214920044,0.13071851432323456,4.933809703588485
1347,533.06,175,512.1482861400001,531,1966080,0.0001,0.013023403,0.13037109375,4.521092128753662,1.9270228147506714,2375,0.2,-0.010398927301866933,0.7306051254272461,0.1306277960538864,4.936122971773147
1341,532.62,176,513.74812652,537,1970176,0.0001,0.009511855,0.1435546875,5.039431604743004,2.4771835803985596,2380,0.2,-0.008654962919536047,0.7432876229286194,0.13062310218811035,4.939447128772736
1344,533.1,177,513.95108998,539,1974272,0.0001,0.00972931,0.125830078125,3.71897212266922,2.108579635620117,2385,0.2,-0.008779455631156452,0.6250563859939575,0.13045433163642883,4.943660616874695
1346,533.11,178,514.86279159,541,1978368,0.0001,0.00926559,0.1169921875,3.67631810605526,1.6172409057617188,2390,0.2,-0.006184051517629996,0.7396751642227173,0.13025251030921936,4.956627368927002
1349,532.85,179,516.14683363,543,1982464,0.0001,0.011319516,0.126513671875,3.0875369757413864,1.5075123310089111,2395,0.2,-0.008599597644933964,0.6980615854263306,0.13017940521240234,4.965116780996323
1351,532.9,180,516.08328053,545,1986560,0.0001,0.010131143,0.126806640625,3.898534193634987,1.9152029752731323,2400,0.2,-0.009676166152348741,0.6946605443954468,0.13006405532360077,4.970377093553543
1354,532.92,181,516.58200765,547,1990656,0.0001,0.011953587,0.130908203125,4.652735856175423,2.244074583053589,2405,0.2,-0.008428343944251538,0.7414023280143738,0.12998850643634796,4.976352918148041
1356,533.23,182,518.33884541,549,1994752,0.0001,0.010418022,0.117431640625,4.448054879903793,2.3570690155029297,2410,0.2,-0.007757075957488269,0.6529348492622375,0.12992574274539948,4.980146384239196
1359,533.11,183,518.2439667599999,551,1998848,0.0001,0.009992843,0.117333984375,4.419087782502174,2.9044880867004395,2415,0.2,-0.007685744660557247,0.6694294214248657,0.12993650138378143,4.98195521235466
1361,532.76,184,518.7914301,553,2002944,0.0001,0.010134188,0.102685546875,3.5957197695970535,1.7288339138031006,2420,0.2,-0.007952320261392743,0.7100265622138977,0.12994129955768585,4.981716120243073
1364,532.07,185,519.7134411499999,555,2007040,0.0001,0.008906266,0.0998046875,3.752555274963379,1.667987585067749,2425,0.2,-0.007191054651048035,0.6811350584030151,0.12984958291053772,4.984121966361999
1366,531.26,186,520.5350813700001,557,2011136,0.0001,0.011700517,0.14072265625,3.749840497970581,2.3690261840820312,2430,0.2,-0.007820761975017377,0.6602222919464111,0.12970997393131256,4.992479246854782
1369,530.75,187,521.7646331700001,559,2015232,0.0001,0.0103058275,0.133642578125,4.4239568412303925,1.8321802616119385,2435,0.2,-0.007956257974728941,0.6470366716384888,0.12956897914409637,5.000488948822022
1371,530.53,188,522.4798054000001,561,2019328,0.0001,0.01069632,0.1251953125,4.517035582661629,2.5406391620635986,2440,0.2,-0.009181218844605609,0.6562788486480713,0.12954506278038025,5.006333667039871
1373,530.19,189,523.22559005,563,2023424,0.0001,0.0126844775,0.149560546875,3.650107705593109,1.4759459495544434,2445,0.2,-0.011804744394612498,0.7218815684318542,0.12961678206920624,5.004700076580048
1376,528.84,190,522.01645019,565,2027520,0.0001,0.009850888,0.1294921875,3.274995046854019,1.5652340650558472,2450,0.2,-0.008973313539172523,0.7233298420906067,0.12971431016921997,4.999246847629547
1378,528.28,191,521.0183019399999,567,2031616,0.0001,0.011967145,0.12802734375,4.042339715361595,1.5932841300964355,2455,0.2,-0.009280532924458384,0.6866202354431152,0.12970060110092163,4.9971060931682585
1372,527.89,192,520.39761898,572,2035712,0.0001,0.009547814,0.1283203125,3.7799225598573685,1.6433085203170776,2460,0.2,-0.008847975751268677,0.5815905332565308,0.12963144481182098,5.000042408704758
1375,527.03,193,520.9333024399999,574,2039808,0.0001,0.011511032,0.139892578125,3.9013583958148956,1.702109456062317,2465,0.2,-0.008814836852252483,0.5787872076034546,0.12959831953048706,5.003129649162292
1377,526.67,194,520.7670713499999,576,2043904,0.0001,0.011657107,0.14423828125,4.701424410939216,2.34130597114563,2470,0.2,-0.010155826293339488,0.5850992202758789,0.1294986605644226,5.007976013422012
1379,526.28,195,520.34659404,578,2048000,0.0001,0.010801104,0.147119140625,3.5230204194784163,1.8026036024093628,2475,0.2,-0.009375297621591016,0.6911282539367676,0.12934748828411102,5.015291458368301
1381,526.23,196,520.9511378999999,580,2052096,0.0001,0.010726681,0.14873046875,3.344443601369858,1.8721894025802612,2480,0.2,-0.009719119171495549,0.6827074289321899,0.12924093008041382,5.023641538619995
1384,525.97,197,521.07933766,582,2056192,0.0001,0.009950363,0.107861328125,3.9772444546222685,1.6196871995925903,2485,0.2,-0.008597960742190481,0.6938132047653198,0.12898942828178406,5.034550696611404
1386,524.98,198,519.51143701,584,2060288,0.0001,0.010804129,0.136865234375,4.54388729929924,2.950697898864746,2490,0.2,-0.008853097958490253,0.7294991612434387,0.12891149520874023,5.045217221975326
1388,524.91,199,520.30607524,587,2064384,0.0001,0.0105322115,0.124951171875,4.026975199580193,1.4892578125,2495,0.2,-0.008261537580983714,0.6520422697067261,0.12891721725463867,5.047533315420151
1390,524.48,200,520.1546255699999,589,2068480,0.0001,0.009490288,0.118603515625,3.3637526392936707,1.7137386798858643,2500,0.2,-0.007110113964881748,0.7082455158233643,0.12887178361415863,5.048141264915467
1392,524.98,201,520.67939344,591,2072576,0.0001,0.010147432,0.13115234375,3.7688899010419847,1.7067619562149048,2505,0.2,-0.009577326336875558,0.6503894329071045,0.12892165780067444,5.048143351078034
1395,524.81,202,520.7626319200001,593,2076672,0.0001,0.010912503,0.122216796875,2.776511824131012,1.6757725477218628,2510,0.2,-0.008200300415046513,0.7281761169433594,0.128952294588089,5.045790463685989
1397,524.94,203,522.16532914,595,2080768,0.0001,0.010895067,0.127587890625,3.2240602731704713,1.2027405500411987,2515,0.2,-0.008253133884863928,0.630921483039856,0.12901286780834198,5.042563414573669
1399,525.3,204,522.3381994900001,597,2084864,0.0001,0.010585671,0.12216796875,3.582511565089226,1.9506100416183472,2520,0.2,-0.006838564202189446,0.6400096416473389,0.12894974648952484,5.042457497119903
1401,526.06,205,523.6472503099999,599,2088960,0.0001,0.008019902,0.116552734375,3.7348317056894302,2.0701889991760254,2525,0.2,-0.007939065565005876,0.6112205386161804,0.1286754459142685,5.052603280544281
1403,526.09,206,523.01303488,601,2093056,0.0001,0.009364599,0.11455078125,3.63613708615303,1.2359018325805664,2530,0.2,-0.006778128119185567,0.6895994544029236,0.12845738232135773,5.068739473819733
1405,526.46,207,524.0485523600001,603,2097152,0.0001,0.0109236315,0.133935546875,3.767319467663765,1.9997284412384033,2535,0.2,-0.009761435171822087,0.6351650953292847,0.1283595710992813,5.078193825483322
1399,526.13,208,524.34828789,608,2101248,0.0001,0.0087759355,0.127294921875,3.2276841551065445,2.0967459678649902,2540,0.2,-0.008133798350172583,0.629294753074646,0.12814751267433167,5.087795513868332
1401,524.21,209,523.99393189,610,2105344,0.0001,0.010410577,0.131298828125,2.9759241163730623,1.5785106420516968,2545,0.2,-0.009109754563542082,0.6674375534057617,0.1279401034116745,5.101437419652939
1403,523.18,210,523.50063031,612,2109440,0.0001,0.011626963,0.15166015625,3.4112417966127397,1.9867527484893799,2550,0.2,-0.010739606019342318,0.6077264547348022,0.1276138722896576,5.117040997743606
1405,523.66,211,524.8732695799999,614,2113536,0.0001,0.012360817,0.157470703125,2.6426674157381056,1.0344648361206055,2555,0.2,-0.008348586215288379,0.6405283212661743,0.12749838829040527,5.132539463043213
1407,523.42,212,524.6827461400001,616,2117632,0.0001,0.007841716,0.088427734375,4.298326948285103,2.648942470550537,2560,0.2,-0.005161011219024658,0.6231135725975037,0.1274465024471283,5.136792051792145
1409,523.1,213,524.67264296,618,2121728,0.0001,0.010394368,0.1404296875,2.890116548538208,1.3053046464920044,2565,0.2,-0.009745845053112134,0.5669181942939758,0.12722094357013702,5.145330703258514
1410,522.39,214,524.66917058,621,2125824,0.0001,0.010510041,0.13349609375,3.1359277725219727,1.2819339036941528,2570,0.2,-0.0071045175136532634,0.6001177430152893,0.12708701193332672,5.157946020364761
1410,523.61,215,525.3351425700001,624,2129920,0.0001,0.0114877485,0.125634765625,3.311267504096031,1.482081413269043,2575,0.2,-0.009999848448205739,0.6117194294929504,0.12698958814144135,5.165542501211166
1412,522.48,216,525.3795443600001,626,2134016,0.0001,0.010671526,0.126708984375,2.597865654528141,1.1168339252471924,2580,0.2,-0.007996403763536363,0.4905053973197937,0.12691155076026917,5.170187205076218
1413,522.45,217,526.42872465,628,2138112,0.0001,0.010288985,0.122607421875,2.5630391001701356,1.4116672277450562,2585,0.2,-0.008680901577463374,0.612586259841919,0.12677107751369476,5.17709648013115
1415,522.25,218,526.37971281,630,2142208,0.0001,0.01011394,0.11982421875,3.1053484618663787,1.6662722826004028,2590,0.2,-0.007771607593167573,0.5953274965286255,0.126668319106102,5.184985005855561
1416,521.71,219,527.04332065,633,2146304,0.0001,0.012152335,0.1419921875,2.8171103790402414,1.2296419143676758,2595,0.2,-0.010291166044771672,0.5121561288833618,0.12646318972110748,5.194045692682266
1418,522.16,220,527.77613679,635,2150400,0.0001,0.011032681,0.148193359375,2.327873042225838,0.6853797435760498,2600,0.2,-0.011211516555340495,0.6786108016967773,0.1263258159160614,5.205386936664581
1419,522.94,221,528.3495132,637,2154496,0.0001,0.010299813,0.13046875,3.2405762404203413,1.6420437097549438,2605,0.2,-0.006781339785084129,0.6122339963912964,0.12621818482875824,5.2134022295475
1419,523.58,222,528.77896711,640,2158592,0.0001,0.008565862,0.111669921875,2.779084448516369,1.1283543109893799,2610,0.2,-0.007202193170087412,0.706387996673584,0.12616601586341858,5.2185955286026005
1420,523.5,223,529.1397339,642,2162688,0.0001,0.012542715,0.151318359375,2.785127933323383,1.1776190996170044,2615,0.2,-0.010866260522743688,0.6457398533821106,0.12607154250144958,5.22307670712471
1413,522.85,224,528.6011647700001,648,2166784,0.0001,0.011253132,0.13583984375,3.5003439873456954,1.9319839477539062,2620,0.2,-0.010148748953361065,0.6029291749000549,0.1260461062192917,5.226995098590851
1414,522.46,225,528.2594619099999,651,2170880,0.0001,0.0106505975,0.12587890625,3.318943050503731,1.3388400077819824,2625,0.2,-0.008156195224728435,0.6747816801071167,0.1258964091539383,5.233008086681366
1415,521.25,226,527.50452424,654,2174976,0.0001,0.010831209,0.120556640625,2.4007303684949877,1.1332648992538452,2630,0.2,-0.009425108724099119,0.7307721972465515,0.12571091949939728,5.243796026706695
1415,520.39,227,527.24962253,656,2179072,0.0001,0.013188253,0.149609375,2.7971338629722595,1.354828119277954,2635,0.2,-0.010107746167341248,0.6897314786911011,0.12559838593006134,5.252965652942658
1416,520.35,228,528.0339666799999,659,2183168,0.0001,0.010981195,0.130126953125,2.7281158924102784,1.6971393823623657,2640,0.2,-0.007736039374140091,0.6729205846786499,0.1253785490989685,5.263447535037995
1418,520.2,229,527.4998029699999,661,2187264,0.0001,0.01006299,0.112939453125,2.829047088325024,1.3269164562225342,2645,0.2,-0.00854569247312611,0.6307487487792969,0.1253228336572647,5.273211824893951
1419,519.5,230,527.3320445100002,663,2191360,0.0001,0.009696169,0.1392578125,2.224685859680176,0.9970239400863647,2650,0.2,-0.006938994670053944,0.6940882205963135,0.1251758486032486,5.2783573269844055
1419,518.12,231,526.5512616,666,2195456,0.0001,0.010699632,0.137744140625,2.798143757879734,1.2340037822723389,2655,0.2,-0.010648846387630329,0.5939273834228516,0.1250707060098648,5.287111455202103
1421,516.25,232,524.67664504,668,2199552,0.0001,0.0122339595,0.12900390625,2.8761877194046974,1.282789707183838,2660,0.2,-0.011694024474127217,0.64327073097229,0.12495274096727371,5.294174033403396
1422,515.58,233,524.42225455,670,2203648,0.0001,0.011167018,0.134765625,2.346941091120243,1.14521324634552,2665,0.2,-0.00770399667089805,0.6920006275177002,0.12485827505588531,5.3008560836315155
1423,514.3,234,523.8977255899999,673,2207744,0.0001,0.01258144,0.126171875,2.536008635163307,0.8891184329986572,2670,0.2,-0.009077253555005882,0.7027585506439209,0.12477600574493408,5.307386785745621
1425,513.49,235,523.0423021900001,675,2211840,0.0001,0.012314249,0.1455078125,2.8621146842837333,0.9670878648757935,2675,0.2,-0.008622825774364174,0.6979967951774597,0.12471219152212143,5.311617392301559
1426,512.47,236,522.90389901,677,2215936,0.0001,0.012297868,0.129443359375,3.2108979746699333,1.3356894254684448,2680,0.2,-0.008101710211485624,0.7048183679580688,0.12453735619783401,5.31922835111618
1426,511.43,237,523.32692909,680,2220032,0.0001,0.010382676,0.142626953125,2.267905260622501,0.975506067276001,2685,0.2,-0.007659451031940989,0.6984680891036987,0.12443586438894272,5.328690886497498
1427,510.89,238,523.56609943,682,2224128,0.0001,0.010490998,0.141064453125,2.7148258805274965,0.9286432266235352,2690,0.2,-0.008254216803470627,0.6435859203338623,0.12441270798444748,5.332702070474625
1428,510.16,239,522.7486877599999,685,2228224,0.0001,0.011561878,0.13447265625,3.286276236176491,2.123324155807495,2695,0.2,-0.01164614676090423,0.7011152505874634,0.12428281456232071,5.336864638328552
1422,508.79,240,521.72298204,690,2232320,0.0001,0.011404522,0.13525390625,2.7573506250977515,1.8340511322021484,2700,0.2,-0.010887378914048895,0.6459184885025024,0.12408518046140671,5.347816205024719
1424,508.08,241,522.133117,693,2236416,0.0001,0.011340826,0.11767578125,2.434857626259327,1.0368157625198364,2705,0.2,-0.00801665724720806,0.6265575885772705,0.12386810779571533,5.36116207242012
1425,508.21,242,521.7788189900001,695,2240512,0.0001,0.010339402,0.1263671875,2.907258653640747,1.6038192510604858,2710,0.2,-0.008335747322416865,0.6642638444900513,0.12366148829460144,5.375064516067505
1426,507.34,243,521.4693250299999,697,2244608,0.0001,0.01281875,0.1435546875,3.3186661273241045,1.7908930778503418,2715,0.2,-0.008112447999883443,0.6246994137763977,0.12355786561965942,5.385298001766205
1427,506.75,244,521.0558332800001,700,2248704,0.0001,0.010959368,0.13408203125,2.6412099421024324,1.1285266876220703,2720,0.2,-0.00931074857362546,0.7111853361129761,0.1235463097691536,5.389898592233658
1428,506.43,245,521.0475197600001,702,2252800,0.0001,0.011071937,0.1220703125,3.0945626229047773,1.4039406776428223,2725,0.2,-0.0072300171668757685,0.6840916872024536,0.12354237586259842,5.390157389640808
