time/fps,time/time_elapsed,time/total_timesteps,time/iterations,rollout/ep_rew_mean,rollout/ep_len_mean,train/value_loss,train/clip_fraction,train/loss,train/n_updates,train/explained_variance,train/std,train/approx_kl,train/entropy_loss,train/learning_rate,train/clip_range,train/policy_gradient_loss
814,5,135168,1,34.175136769999995,500.0,,,,,,,,,,,
1048,7,139264,2,15.321974380000007,500.0,71.11612992286682,0.008935546875,32.83421325683594,165,0.7096530199050903,0.4401083290576935,0.003956737,-4.781774252653122,0.0003,0.2,-0.0031924494593113194
1176,10,143360,3,1.4311257999999993,500.0,126.2754301071167,0.00146484375,48.005401611328125,170,0.7424730062484741,0.4400971233844757,0.002148749,-4.780611044168472,0.0003,0.2,-0.0027155926451086997
1243,13,147456,4,-22.317799370000003,500.0,127.17560243606567,0.019677734375,53.67171096801758,175,0.7227960228919983,0.43997660279273987,0.005737778,-4.7799076795578,0.0003,0.2,-0.005582771828630939
1296,15,151552,5,-32.28248509,500.0,214.914697265625,0.00048828125,86.5843276977539,180,0.19538640975952148,0.4400010108947754,0.0013010934,-4.778530818223953,0.0003,0.2,-0.0025847131153568627
1330,18,155648,6,-50.996158570000006,500.0,50.47068524360657,0.025732421875,22.67368507385254,185,0.4766806364059448,0.4399603605270386,0.006044601,-4.778707987070083,0.0003,0.2,-0.00675089277792722
1368,20,159744,7,-76.55669865,500.0,182.12310218811035,0.01982421875,70.03899383544922,190,0.4655599594116211,0.4399639964103699,0.0051930267,-4.777836722135544,0.0003,0.2,-0.0064408574427943675
1399,23,163840,8,-94.21254807000001,500.0,196.39155616760254,0.02822265625,69.69772338867188,195,0.013709187507629395,0.4399877190589905,0.006620299,-4.778275161981583,0.0003,0.2,-0.006528239796170965
1306,28,167936,9,-112.52708187000002,500.0,192.70249948501586,0.023291015625,90.67807006835938,200,0.028301000595092773,0.43987104296684265,0.005946307,-4.7774428725242615,0.0003,0.2,-0.006590362019778695
1332,30,172032,10,-133.08009299000003,500.0,200.09261684417726,0.013037109375,99.45610809326172,205,0.4581616520881653,0.43973466753959656,0.004581372,-4.774849593639374,0.0003,0.2,-0.0050690385105554014
1356,33,176128,11,-161.67744971,499.77,202.7808572769165,0.03759765625,93.2969970703125,210,0.4245448708534241,0.43954864144325256,0.005537616,-4.771931844949722,0.0003,0.2,-0.007156835219939239
1377,35,180224,12,-180.01076986,499.77,338.2843605041504,0.00244140625,158.24586486816406,215,-0.06339967250823975,0.43954935669898987,0.0026291523,-4.770078951120377,0.0003,0.2,-0.004033577803056687
1395,38,184320,13,-192.81501540000002,499.77,117.67763671875,0.05791015625,56.794158935546875,220,0.31754398345947266,0.4399546980857849,0.0078046503,-4.773654109239578,0.0003,0.2,-0.009702486879541538
1413,40,188416,14,-204.55025279999998,498.34,149.7624608039856,0.035693359375,57.62642288208008,225,0.3880741596221924,0.44006097316741943,0.0062847887,-4.7784172117710115,0.0003,0.2,-0.00697785331576597
1421,43,192512,15,-193.92065446,498.34,308.6321662902832,0.029052734375,146.40647888183594,230,0.3116227984428406,0.4401993155479431,0.006486665,-4.7804016947746275,0.0003,0.2,-0.008845873654354363
1435,45,196608,16,-183.12057818000002,498.29,124.30105619430542,0.030908203125,59.18440246582031,235,0.5158880949020386,0.4402519464492798,0.005105893,-4.7820724785327915,0.0003,0.2,-0.006150314299156889
1389,50,200704,17,-189.68101642000002,498.29,168.55575828552247,0.031982421875,91.37752532958984,240,0.6284046173095703,0.4401475787162781,0.006163382,-4.781949532032013,0.0003,0.2,-0.00730521070654504
1402,52,204800,18,-196.96666371999996,498.29,211.4173797607422,0.017919921875,115.07394409179688,245,0.608527660369873,0.44012653827667236,0.0049810437,-4.780279004573822,0.0003,0.2,-0.005995783157413825
1413,55,208896,19,-185.21045772999997,498.29,180.0378038406372,0.03017578125,86.5624771118164,250,0.7128625512123108,0.4401066303253174,0.0060619502,-4.780232572555542,0.0003,0.2,-0.007116559956921264
1425,57,212992,20,-186.35348954999995,498.29,130.31940364837646,0.033203125,66.90526580810547,255,0.691163182258606,0.4400635361671448,0.0058534937,-4.779551386833191,0.0003,0.2,-0.007052097498672083
1436,59,217088,21,-186.41762355,498.09,106.20658044815063,0.0224609375,49.651153564453125,260,0.7744922637939453,0.439862996339798,0.0051394007,-4.7771789014339445,0.0003,0.2,-0.006077647471101955
1446,62,221184,22,-181.649954,498.09,294.08870429992675,0.035888671875,125.06039428710938,265,0.5649675726890564,0.440049946308136,0.006283779,-4.77626622915268,0.0003,0.2,-0.007539823662955314
1452,64,225280,23,-170.84634590999997,498.32,145.34565563201903,0.076171875,71.616943359375,270,0.5043922066688538,0.4399203658103943,0.008561239,-4.7775179743766785,0.0003,0.2,-0.011605549894738942
1461,67,229376,24,-177.16508314000004,498.32,210.70774154663087,0.041455078125,88.24585723876953,275,0.484083354473114,0.4398565888404846,0.006921932,-4.775589978694915,0.0003,0.2,-0.0075660059635993095
1442,70,233472,25,-184.32443724,498.26,249.6847629547119,0.034228515625,127.04957580566406,280,0.43441927433013916,0.43997713923454285,0.006010018,-4.7753862023353575,0.0003,0.2,-0.007563839957583696
1448,73,237568,26,-174.73662957,499.69,244.98557357788087,0.02998046875,116.64055633544922,285,0.4795985221862793,0.4399530589580536,0.005551368,-4.776460045576096,0.0003,0.2,-0.006702563504222781
1456,75,241664,27,-179.97097687999997,499.69,135.49204092025758,0.07587890625,64.02178192138672,290,0.6967345476150513,0.440031498670578,0.008500727,-4.776576793193817,0.0003,0.2,-0.011146745522273705
1464,78,245760,28,-177.00787905,499.7,228.76834030151366,0.0580078125,108.85370635986328,295,0.29967939853668213,0.44033679366111755,0.006780071,-4.779504376649856,0.0003,0.2,-0.007685735955601558
1471,80,249856,29,-183.97383702000002,499.7,238.55969429016113,0.080810546875,106.7918472290039,300,0.31006813049316406,0.4406450092792511,0.008714523,-4.784062218666077,0.0003,0.2,-0.011135501210810616
1477,83,253952,30,-163.13118781,499.7,118.93289623260497,0.072705078125,58.84061050415039,305,0.6543956398963928,0.4401901364326477,0.008016144,-4.78309513926506,0.0003,0.2,-0.0100488705560565
1482,85,258048,31,-153.68696007999998,499.7,107.13721218109131,0.085986328125,61.10232925415039,310,0.5670875310897827,0.44024789333343506,0.009833141,-4.778801447153091,0.0003,0.2,-0.011337763778283261
1487,88,262144,32,-154.66238653,499.25,106.34961490631103,0.08671875,52.05750274658203,315,0.7016990184783936,0.44004762172698975,0.008428378,-4.777988702058792,0.0003,0.2,-0.011750697923707776
