rollout/ep_len_mean,time/time_elapsed,rollout/ep_rew_mean,time/fps,time/iterations,time/total_timesteps,train/n_updates,train/policy_gradient_loss,train/std,train/explained_variance,train/value_loss,train/entropy_loss,train/clip_fraction,train/learning_rate,train/loss,train/clip_range,train/approx_kl
491.98,1,-176.82584884,2079,1,204800,,,,,,,,,,,
488.89,4,-167.47452238000002,1983,2,208896,245,-0.0034879363141953946,0.4402529001235962,0.694043755531311,60.67945413589477,-4.781470561027527,0.004052734375,0.0001,32.005653381347656,0.2,0.0029105884
483.09,6,-158.57790178,1955,3,212992,250,-0.005110407777829095,0.4402407705783844,0.6279839277267456,68.3891411781311,-4.782810342311859,0.008935546875,0.0001,30.877988815307617,0.2,0.0040638978
476.8,8,-144.89597969000002,1924,4,217088,255,-0.008493942627683281,0.44027841091156006,0.36017316579818726,68.7852578163147,-4.782947582006455,0.043603515625,0.0001,35.114498138427734,0.2,0.007089556
470.94,10,-135.85947273999997,1915,5,221184,260,-0.004893014550907538,0.4402584433555603,0.29294973611831665,80.3359224319458,-4.782743984460831,0.0126953125,0.0001,38.99842071533203,0.2,0.0046193292
467.92,12,-120.83314404999997,1907,6,225280,265,-0.008385608461685479,0.4401581287384033,0.07639610767364502,77.37500758171082,-4.781601166725158,0.04287109375,0.0001,35.425437927246094,0.2,0.0073735435
462.38,15,-117.51551018,1899,7,229376,270,-0.004094969149446115,0.4402560591697693,0.3442736864089966,77.30553560256958,-4.781619453430176,0.007470703125,0.0001,42.370399475097656,0.2,0.0037597963
457.6,17,-105.77517028,1898,8,233472,275,-0.0063114716729614885,0.44030463695526123,0.5972855687141418,72.86374478340149,-4.783231753110885,0.020703125,0.0001,40.50625228881836,0.2,0.005153461
453.02,19,-93.92366831000001,1895,9,237568,280,-0.005673589196521789,0.44035521149635315,0.4438169002532959,98.21508836746216,-4.783765697479248,0.023583984375,0.0001,49.23269271850586,0.2,0.0051829293
445.18,21,-92.08583985000001,1894,10,241664,285,-0.007491068265517242,0.44020766019821167,0.6099599599838257,55.955288362503055,-4.783411288261414,0.036083984375,0.0001,27.519241333007812,0.2,0.0064032907
439.97,23,-101.36272532000001,1891,11,245760,290,-0.006470866713789292,0.4401606619358063,0.5116115212440491,74.14697041511536,-4.78142471909523,0.023291015625,0.0001,36.46415710449219,0.2,0.005517577
440.55,26,-97.89881753,1888,12,249856,295,-0.006429566073347814,0.4402283728122711,0.45944827795028687,81.90267858505248,-4.7813962519168856,0.027880859375,0.0001,38.69292449951172,0.2,0.005737105
439.71,28,-98.85446491,1884,13,253952,300,-0.005711958883330226,0.44016796350479126,0.40307384729385376,90.52416772842408,-4.781504160165786,0.01826171875,0.0001,43.902671813964844,0.2,0.0044764224
436.17,30,-105.82284996999996,1881,14,258048,305,-0.006937399177695624,0.4400525689125061,0.5843022465705872,63.380725908279416,-4.779891902208329,0.03349609375,0.0001,26.834712982177734,0.2,0.0058200937
434.34,32,-112.94395065999998,1877,15,262144,310,-0.0062208942894358184,0.4398900270462036,0.25135141611099243,87.60732135772705,-4.777935433387756,0.02080078125,0.0001,41.90460968017578,0.2,0.0053763837
434.35,36,-108.23418931999998,1795,16,266240,315,-0.0054246712301392105,0.4399242699146271,0.010566949844360352,102.74567413330078,-4.7763829052448274,0.013037109375,0.0001,44.9777717590332,0.2,0.0043134172
434.73,38,-113.54746134000001,1800,17,270336,320,-0.009562171471770853,0.4397372603416443,-0.03942561149597168,80.81432981491089,-4.775508797168731,0.066015625,0.0001,43.10431671142578,0.2,0.009730419
436.19,40,-106.45946551999998,1802,18,274432,325,-0.006000905047403649,0.43985292315483093,-0.004687666893005371,93.2463306427002,-4.774141877889633,0.031787109375,0.0001,46.06574630737305,0.2,0.00533503
436.07,43,-107.10968224000003,1801,19,278528,330,-0.008303512446582317,0.4393237829208374,0.06621384620666504,76.12023658752442,-4.771516644954682,0.03896484375,0.0001,34.937286376953125,0.2,0.0070678787
440.1,45,-112.83280168999998,1804,20,282624,335,-0.006826330890180543,0.4399084150791168,0.04786556959152222,80.75005502700806,-4.770824545621872,0.04375,0.0001,42.646324157714844,0.2,0.00578704
444.17,47,-111.12754062000002,1803,21,286720,340,-0.0049859448990901,0.44015949964523315,0.3281579613685608,57.858907747268674,-4.778719455003738,0.02119140625,0.0001,29.119789123535156,0.2,0.006351729
444.2,49,-104.25575017,1803,22,290816,345,-0.00702477898739744,0.4403427243232727,0.48603159189224243,70.41721348762512,-4.782286137342453,0.036669921875,0.0001,35.347412109375,0.2,0.0065534734
448.32,52,-98.27726283,1803,23,294912,350,-0.007749651515041478,0.4399448335170746,0.31267696619033813,79.98815507888794,-4.782154631614685,0.03427734375,0.0001,36.301753997802734,0.2,0.0067107733
449.62,54,-97.13283930000001,1804,24,299008,355,-0.0059708993881940845,0.4398576617240906,0.3928218483924866,69.50481700897217,-4.776026529073715,0.0318359375,0.0001,39.83894348144531,0.2,0.005659827
453.96,56,-94.19378116,1807,25,303104,360,-0.006821860955096781,0.4395299255847931,0.11356788873672485,76.18801426887512,-4.773240172863007,0.034521484375,0.0001,29.17887306213379,0.2,0.005881738
458.52,58,-86.39175252,1807,26,307200,365,-0.007701066610752605,0.4398927390575409,0.29849773645401,81.74757499694825,-4.772139638662338,0.04384765625,0.0001,39.7976188659668,0.2,0.005918014
458.35,61,-94.16472615999999,1807,27,311296,370,-0.007461923130904324,0.4401814043521881,-0.04275071620941162,66.51890106201172,-4.778550231456757,0.041845703125,0.0001,33.13859939575195,0.2,0.0063321786
454.33,63,-92.36620998999997,1808,28,315392,375,-0.005426328658359125,0.440222829580307,0.08014816045761108,87.01681938171387,-4.7815948843955995,0.01650390625,0.0001,40.50608825683594,0.2,0.004263295
447.92,65,-97.19295484999999,1809,29,319488,380,-0.006785428480361589,0.4399905800819397,-0.01895284652709961,77.810800075531,-4.780870509147644,0.030859375,0.0001,41.674434661865234,0.2,0.006057675
447.3,67,-87.84374364999998,1811,30,323584,385,-0.010845325532136485,0.4407930374145508,0.0006958246231079102,99.43696374893189,-4.783485281467438,0.0859375,0.0001,48.0660285949707,0.2,0.008518271
444.9,70,-88.28120109999998,1812,31,327680,390,-0.010686763146077282,0.44056013226509094,0.04494959115982056,74.30703501701355,-4.79083691239357,0.08701171875,0.0001,35.576148986816406,0.2,0.008660631
443.07,75,-87.17828908000001,1742,32,331776,395,-0.008996555299381726,0.4403107166290283,0.19671374559402466,75.92551336288452,-4.787135273218155,0.050390625,0.0001,34.82645034790039,0.2,0.006758885
446.5,77,-81.27016127,1742,33,335872,400,-0.006589339658967219,0.4401324689388275,0.15165847539901733,88.79313173294068,-4.7830248951911924,0.026806640625,0.0001,44.59069061279297,0.2,0.0060580103
442.45,79,-87.43092766,1741,34,339968,405,-0.007268688315525651,0.4397526681423187,0.2993507385253906,66.86114611625672,-4.778264564275742,0.0392578125,0.0001,33.74801254272461,0.2,0.0062335543
442.25,82,-88.30524222999999,1745,35,344064,410,-0.002765112865017727,0.4399043917655945,0.13975107669830322,95.46351432800293,-4.774059402942657,0.003955078125,0.0001,45.11579132080078,0.2,0.0027771145
440.64,84,-92.51594684,1748,36,348160,415,-0.0074487282981863245,0.44004639983177185,0.5545666217803955,68.738924741745,-4.778483295440674,0.03701171875,0.0001,32.76136016845703,0.2,0.006449845
439.3,86,-89.49362141,1751,37,352256,420,-0.005464220623252913,0.44008708000183105,0.5928034782409668,76.37212071418762,-4.779425436258316,0.007666015625,0.0001,38.026771545410156,0.2,0.0040992666
443.16,88,-85.33887466,1751,38,356352,425,-0.006015305127948523,0.44011810421943665,0.6053588390350342,75.93176889419556,-4.780022293329239,0.027490234375,0.0001,39.21538162231445,0.2,0.0059670075
446.38,91,-74.29689822,1751,39,360448,430,-0.004948957383749075,0.4400309920310974,-0.10953056812286377,75.16383352279664,-4.77983329296112,0.0158203125,0.0001,37.41151428222656,0.2,0.004714098
449.27,93,-75.67502407,1754,40,364544,435,-0.0067547122511314225,0.44028621912002563,-0.013352155685424805,90.819868850708,-4.779685926437378,0.043212890625,0.0001,46.997215270996094,0.2,0.006279248
449.56,95,-77.95308100999999,1756,41,368640,440,-0.003712687047664076,0.44023603200912476,0.2297491431236267,93.1598313331604,-4.783444994688034,0.006787109375,0.0001,48.37820816040039,0.2,0.0038446356
447.91,97,-80.13075111,1758,42,372736,445,-0.007309675664873794,0.4404175281524658,0.3618151545524597,80.60544118881225,-4.783650350570679,0.027392578125,0.0001,40.057945251464844,0.2,0.0058863936
444.95,100,-81.54619007000001,1760,43,376832,450,-0.0074912716052494945,0.4403669834136963,0.3341318964958191,99.79395132064819,-4.785922396183014,0.0265625,0.0001,48.9200553894043,0.2,0.0057364353
438.28,102,-90.45391724000001,1761,44,380928,455,-0.006400344060966745,0.44043266773223877,0.5690686702728271,66.72364444732666,-4.78514751791954,0.027490234375,0.0001,36.166465759277344,0.2,0.0052686282
436.09,104,-79.69777059,1764,45,385024,460,-0.006448326002282556,0.44074052572250366,0.1089329719543457,90.35300045013427,-4.789001166820526,0.03330078125,0.0001,42.119300842285156,0.2,0.0058275526
439.57,106,-72.30556564,1766,46,389120,465,-0.005150851717917249,0.4407927095890045,0.2066950798034668,79.37808933258057,-4.792353570461273,0.01884765625,0.0001,33.77059555053711,0.2,0.0048812404
439.21,108,-69.51964228000001,1768,47,393216,470,-0.006796595107880421,0.4408862590789795,0.41590434312820435,67.24499173164368,-4.793411546945572,0.03681640625,0.0001,31.568490982055664,0.2,0.0064913677
439.11,113,-68.84773234000001,1734,48,397312,475,-0.006071002240059897,0.4408658444881439,0.5305349826812744,73.82564663887024,-4.794043111801147,0.02333984375,0.0001,35.89468765258789,0.2,0.005418337
436.99,115,-69.96281644,1736,49,401408,480,-0.006987411086447537,0.44065147638320923,0.37275391817092896,79.87230319976807,-4.792059683799744,0.033251953125,0.0001,33.51079559326172,0.2,0.0050535984
442.3,117,-67.76603976,1738,50,405504,485,-0.006446780572878197,0.44047096371650696,0.23822039365768433,96.97370796203613,-4.788431143760681,0.02216796875,0.0001,49.75819778442383,0.2,0.0056470097
440.24,119,-71.25496537,1741,51,409600,490,-0.006629775810870342,0.440373957157135,0.44764870405197144,66.37239966392517,-4.78590179681778,0.029931640625,0.0001,29.002464294433594,0.2,0.004961802
440.41,122,-71.16380551,1742,52,413696,495,-0.00635046431561932,0.4401113986968994,0.5779695510864258,82.27706680297851,-4.782954478263855,0.02734375,0.0001,37.74909973144531,0.2,0.0063853767
439.01,124,-64.51713183,1744,53,417792,500,-0.006980958569329232,0.4399716258049011,0.3823254108428955,76.49310369491577,-4.778952312469483,0.026025390625,0.0001,33.905086517333984,0.2,0.005903327
441.58,126,-66.32038966,1746,54,421888,505,-0.006165323476307094,0.44007882475852966,0.46016907691955566,73.21411190032958,-4.778630530834198,0.02998046875,0.0001,32.652957916259766,0.2,0.0056508025
440.77,128,-68.16316026999999,1748,55,425984,510,-0.006420168158365413,0.4400744140148163,0.44180965423583984,76.35699214935303,-4.779741108417511,0.01796875,0.0001,31.75887680053711,0.2,0.005788355
440.4,131,-66.96491794,1749,56,430080,515,-0.006102336652111262,0.4399644434452057,0.4898495078086853,75.020836353302,-4.77818056344986,0.021435546875,0.0001,39.077598571777344,0.2,0.005832172
439.03,133,-64.48764883000001,1751,57,434176,520,-0.006033166602719575,0.4398149251937866,0.4001368284225464,67.99136400222778,-4.776118975877762,0.02861328125,0.0001,32.244407653808594,0.2,0.0062905895
438.17,135,-72.97037027,1753,58,438272,525,-0.0074829364835750315,0.43967336416244507,0.5709822177886963,67.82384581565857,-4.772971153259277,0.035107421875,0.0001,31.825199127197266,0.2,0.0067784456
438.06,137,-71.16876749,1754,59,442368,530,-0.005779740656726063,0.4392763376235962,0.6200224161148071,58.47452802658081,-4.768831777572632,0.031005859375,0.0001,29.264429092407227,0.2,0.006279707
441.48,140,-60.21381985,1754,60,446464,535,-0.0063078984036110345,0.43927836418151855,0.6247133612632751,68.01233429908753,-4.763954210281372,0.02763671875,0.0001,32.6463623046875,0.2,0.0056101065
436.46,142,-65.11760569,1756,61,450560,540,-0.00992185909417458,0.43957075476646423,0.5100195407867432,51.35998687744141,-4.766752028465271,0.0607421875,0.0001,27.933069229125977,0.2,0.007651943
436.95,144,-58.290398970000005,1758,62,454656,545,-0.005314779331092723,0.4397604465484619,0.5840356945991516,77.46801137924194,-4.771056753396988,0.020361328125,0.0001,37.12202835083008,0.2,0.005246816
439.36,146,-57.35016350000001,1760,63,458752,550,-0.005801660350698512,0.4396534860134125,0.6949517726898193,56.50058908462525,-4.772355377674103,0.021826171875,0.0001,29.256837844848633,0.2,0.005294989
441.52,151,-67.32958902,1733,64,462848,555,-0.005886107543483376,0.43981051445007324,0.6727350950241089,63.72518100738525,-4.772033947706222,0.0255859375,0.0001,33.07102966308594,0.2,0.005863594
443.78,153,-60.40837722000001,1735,65,466944,560,-0.006863271363545209,0.43987515568733215,0.63680100440979,93.30899152755737,-4.774638247489929,0.02333984375,0.0001,42.81875228881836,0.2,0.0053584874
445.95,155,-55.096753070000005,1738,66,471040,565,-0.007007773534860462,0.43989482522010803,0.6685345768928528,51.90227308273315,-4.7749468922615055,0.02412109375,0.0001,25.964078903198242,0.2,0.0060222726
446.28,157,-60.32534985,1739,67,475136,570,-0.0057710559398401525,0.43958941102027893,0.6390541791915894,61.72216067314148,-4.773128086328507,0.029541015625,0.0001,28.755691528320312,0.2,0.006155641
444.23,159,-64.52594287,1741,68,479232,575,-0.0048672298638848584,0.43949082493782043,0.5146216154098511,90.36983604431153,-4.768752807378769,0.0162109375,0.0001,44.34482192993164,0.2,0.0045081554
448.29,162,-61.61980130999999,1743,69,483328,580,-0.007136916258605197,0.43945103883743286,0.4704810380935669,87.31259746551514,-4.767585510015488,0.03935546875,0.0001,44.796363830566406,0.2,0.0057185963
451.88,164,-57.09443733,1744,70,487424,585,-0.007331127767974977,0.43935516476631165,0.49556827545166016,67.16947860717774,-4.767124402523041,0.04189453125,0.0001,33.778770446777344,0.2,0.0059632715
446.52,166,-63.227855530000014,1746,71,491520,590,-0.005612003180431202,0.43907099962234497,0.619661271572113,69.40814337730407,-4.763212734460831,0.02158203125,0.0001,35.39813995361328,0.2,0.0056821387
441.78,168,-65.17384738999999,1747,72,495616,595,-0.007752081280341372,0.43882253766059875,0.6839544773101807,75.92690677642823,-4.7578203737735745,0.0396484375,0.0001,37.82826232910156,0.2,0.0064775366
445.47,170,-63.61221215,1749,73,499712,600,-0.004808252149086911,0.438887357711792,0.6928927898406982,81.1359323501587,-4.755253100395203,0.02529296875,0.0001,40.845455169677734,0.2,0.0050399154
433.43,173,-59.021726819999984,1750,74,503808,605,-0.005483781598741189,0.4389844536781311,0.6972277164459229,57.71410155296326,-4.757146215438842,0.023974609375,0.0001,30.25331687927246,0.2,0.005162541
425.96,175,-53.811697779999996,1752,75,507904,610,-0.007247411529533565,0.4389028549194336,0.7463167905807495,71.74428067207336,-4.757448601722717,0.028173828125,0.0001,32.213966369628906,0.2,0.0056907
427.64,177,-55.74532248999999,1754,76,512000,615,-0.005984861511387862,0.438774436712265,0.761703610420227,69.81206803321838,-4.7553616762161255,0.019189453125,0.0001,33.192230224609375,0.2,0.0049958336
420.62,179,-47.871546349999996,1755,77,516096,620,-0.006865455050137826,0.4385092258453369,0.675068199634552,73.0196135520935,-4.751724135875702,0.036279296875,0.0001,33.13654327392578,0.2,0.0052415337
422.35,181,-44.24570673,1756,78,520192,625,-0.007668378879316151,0.4382823407649994,0.7143551111221313,80.90031604766845,-4.747434461116791,0.037939453125,0.0001,38.95160675048828,0.2,0.0066367453
422.68,184,-48.51118041000001,1757,79,524288,630,-0.006580831401515752,0.438037633895874,0.742565393447876,73.16534681320191,-4.742836421728134,0.03017578125,0.0001,40.07228088378906,0.2,0.0063142786
421.06,187,-51.50208572,1743,80,528384,635,-0.006163627351634204,0.4377870559692383,0.7671339511871338,66.08715419769287,-4.738357251882553,0.02802734375,0.0001,31.920242309570312,0.2,0.005565649
424.64,190,-49.45645196,1744,81,532480,640,-0.008359744359040633,0.4370572566986084,0.6167477369308472,76.64235591888428,-4.729562425613404,0.03759765625,0.0001,35.6816291809082,0.2,0.006560746
427.9,192,-45.49763119,1746,82,536576,645,-0.007837072943220846,0.43670904636383057,0.6972346305847168,59.69977021217346,-4.719009733200073,0.041357421875,0.0001,28.851287841796875,0.2,0.006509796
434.79,194,-42.47318633,1748,83,540672,650,-0.004515411285683513,0.4367770254611969,0.5935066938400269,76.04366183280945,-4.716476458311081,0.018408203125,0.0001,36.39920425415039,0.2,0.005449605
431.34,196,-39.65077838,1749,84,544768,655,-0.006249565898906439,0.43667590618133545,0.6876059770584106,80.67596054077148,-4.7167637050151825,0.034716796875,0.0001,39.98948287963867,0.2,0.006735563
435.59,198,-40.127803320000005,1751,85,548864,660,-0.006538822609581984,0.43631669878959656,0.7917739748954773,60.10117430686951,-4.712011742591858,0.02431640625,0.0001,28.33611297607422,0.2,0.0047763353
441.29,200,-39.071228579999996,1753,86,552960,665,-0.007793940498959273,0.43635913729667664,0.5899662971496582,82.03701410293579,-4.7086123645305635,0.026123046875,0.0001,40.3831787109375,0.2,0.005776142
439.8,203,-42.94387535999999,1754,87,557056,670,-0.008669373614247888,0.43670937418937683,0.7257421016693115,79.19475269317627,-4.712429666519165,0.050146484375,0.0001,38.54624557495117,0.2,0.0066927704
443.86,205,-46.76235022000001,1755,88,561152,675,-0.008186522946925835,0.4364418685436249,0.7233765125274658,80.58788385391236,-4.714022803306579,0.044775390625,0.0001,39.12626266479492,0.2,0.0068239076
434.98,207,-50.92670725,1754,89,565248,680,-0.008774072685628197,0.4362754225730896,0.7333829402923584,68.62919063568116,-4.709333223104477,0.043310546875,0.0001,28.495529174804688,0.2,0.0074951737
435.41,209,-44.13296475,1755,90,569344,685,-0.006254551114398055,0.4361557364463806,0.7392129302024841,69.724573802948,-4.706348514556884,0.029248046875,0.0001,37.8160514831543,0.2,0.005521562
427.42,212,-53.81875169,1757,91,573440,690,-0.007801940556964837,0.43593472242355347,0.6074671745300293,74.27715644836425,-4.703215783834457,0.045849609375,0.0001,32.56255340576172,0.2,0.0065032905
423.93,214,-60.274705870000005,1758,92,577536,695,-0.007895344780990854,0.4358919858932495,0.7275904417037964,79.66471662521363,-4.7002910614013675,0.03701171875,0.0001,38.171295166015625,0.2,0.006409802
426.84,216,-59.34688524999999,1760,93,581632,700,-0.007166151236742735,0.43564414978027344,0.6859674453735352,67.57924737930298,-4.697885191440582,0.0330078125,0.0001,32.53954315185547,0.2,0.00495205
422.07,218,-66.68688871,1761,94,585728,705,-0.007829788397066295,0.43597713112831116,0.650051474571228,81.29276361465455,-4.6982737421989444,0.03701171875,0.0001,40.53499221801758,0.2,0.006393896
429.84,220,-68.67648109,1762,95,589824,710,-0.0071124240348581225,0.4361053705215454,0.7167686223983765,72.4601900100708,-4.7028051018714905,0.037255859375,0.0001,36.13850784301758,0.2,0.0066640377
421.15,224,-80.01915734,1749,96,593920,715,-0.0062514319666661326,0.4363160729408264,0.6527941226959229,85.82138633728027,-4.705528944730759,0.03447265625,0.0001,41.599246978759766,0.2,0.005681509
