time/total_timesteps,time/fps,rollout/ep_len_mean,rollout/ep_rew_mean,time/time_elapsed,time/iterations,train/std,train/value_loss,train/n_updates,train/learning_rate,train/clip_fraction,train/approx_kl,train/entropy_loss,train/clip_range,train/explained_variance,train/loss,train/policy_gradient_loss
4096,1409,500.0,-116.12837962500001,2,1,,,,,,,,,,,
8192,1402,500.0,-100.2338595,5,2,0.44925180077552795,13.925085639953613,5,0.0003,0.08896484375,0.009176299,-4.951409143209458,0.2,-0.03602194786071777,4.480034828186035,-0.012541525124106556
12288,1393,500.0,-97.88718854166666,8,3,0.4493270218372345,5.970395389199257,10,0.0003,0.12529296875,0.0114834905,-4.951269340515137,0.2,0.016048431396484375,2.0217435359954834,-0.015605585687444546
16384,1362,500.0,-90.3213964375,12,4,0.4492831528186798,7.218992406129837,15,0.0003,0.06767578125,0.009445239,-4.951370251178742,0.2,0.06883376836776733,2.762465476989746,-0.009785884435405023
20480,1358,500.0,-87.820339625,15,5,0.4490244686603546,4.229575863480568,20,0.0003,0.0951171875,0.011565706,-4.950149291753769,0.2,0.12636590003967285,1.768646001815796,-0.011245236248942091
24576,1359,500.0,-82.142064125,18,6,0.4490777850151062,4.565097367763519,25,0.0003,0.066455078125,0.0093573965,-4.945833480358123,0.2,0.1681910753250122,2.1593210697174072,-0.008552303671604023
28672,1352,500.0,-77.93929641071428,21,7,0.4498137831687927,3.8541644513607025,30,0.0003,0.103662109375,0.009358478,-4.953575658798218,0.2,0.19549882411956787,2.128340721130371,-0.011564995101070962
32768,1254,500.0,-75.50216018750001,26,8,0.4511517882347107,3.863814225792885,35,0.0003,0.11689453125,0.011552036,-4.972546851634979,0.2,0.19899725914001465,1.8752226829528809,-0.013826367008732632
36864,1262,500.0,-73.74007883333333,29,9,0.4509032964706421,4.086522242426872,40,0.0003,0.087060546875,0.009499405,-4.983632147312164,0.2,0.22784912586212158,1.6608035564422607,-0.0113983845571056
40960,1265,500.0,-71.0744268625,32,10,0.4505496323108673,5.0014871001243595,45,0.0003,0.088818359375,0.010423503,-4.976988524198532,0.2,0.2005382776260376,2.394728899002075,-0.013015050592366606
45056,1268,500.0,-70.16604726136364,35,11,0.4497949779033661,4.755981758236885,50,0.0003,0.117529296875,0.010044754,-4.965822112560272,0.2,0.2745857834815979,2.158174514770508,-0.015130938275251537
49152,1275,500.0,-67.72734307291667,38,12,0.44919121265411377,4.116510671377182,55,0.0003,0.119140625,0.0109160505,-4.952704858779907,0.2,0.16683727502822876,2.092555522918701,-0.014203668243135325
53248,1279,500.0,-62.55605763,41,13,0.4497041404247284,4.2778209954500195,60,0.0003,0.105517578125,0.010303963,-4.955003899335861,0.2,0.25125211477279663,2.032201051712036,-0.01491633258992806
57344,1285,500.0,-58.93193587999999,44,14,0.4488190710544586,4.084841254353523,65,0.0003,0.11962890625,0.012199381,-4.950157129764557,0.2,0.3205537796020508,1.5112212896347046,-0.01611272634472698
61440,1290,500.0,-51.43503974,47,15,0.44858744740486145,5.02820433974266,70,0.0003,0.091796875,0.009233501,-4.939530885219574,0.2,0.18227893114089966,2.3111026287078857,-0.013176158902933822
65536,1254,500.0,-44.56642537000002,52,16,0.44763675332069397,4.75080027282238,75,0.0003,0.08642578125,0.0090647265,-4.93125541806221,0.2,0.3247014284133911,1.949954867362976,-0.010860666912049056
69632,1260,500.0,-38.955732899999994,55,17,0.4472050070762634,5.395331466197968,80,0.0003,0.104345703125,0.010522367,-4.91605754494667,0.2,0.3393464684486389,2.78629469871521,-0.013182191090891138
73728,1262,500.0,-32.9124891,58,18,0.4465610384941101,6.613171881437301,85,0.0003,0.087646484375,0.010473407,-4.90761610865593,0.2,0.13431918621063232,2.8901288509368896,-0.012296879959467332
77824,1270,500.0,-27.783989169999998,61,19,0.44714903831481934,4.771680805087089,90,0.0003,0.0828125,0.0101384,-4.903292387723923,0.2,0.36785006523132324,2.0847837924957275,-0.012042288965312764
81920,1282,500.0,-21.805292719999997,63,20,0.446081280708313,6.315059196949005,95,0.0003,0.10947265625,0.010969963,-4.902627146244049,0.2,0.2865504026412964,2.7396862506866455,-0.012457953195553272
86016,1294,500.0,-16.888542069999996,66,21,0.44556137919425964,9.912392860651016,100,0.0003,0.102392578125,0.0101116765,-4.886399900913238,0.2,0.25644683837890625,5.243019104003906,-0.013324634300079196
90112,1306,500.0,-10.81444457,68,22,0.44586488604545593,9.804785931110382,105,0.0003,0.102001953125,0.010690488,-4.8835894644260405,0.2,0.12740397453308105,4.146076679229736,-0.013373375532682984
94208,1317,500.0,-4.05987093,71,23,0.4448951184749603,7.599640691280365,110,0.0003,0.1060546875,0.010940326,-4.881896466016769,0.2,0.24013739824295044,3.8124566078186035,-0.014677899092203007
98304,1299,500.0,4.8087763599999995,75,24,0.4440692663192749,9.561975091695786,115,0.0003,0.097119140625,0.010010389,-4.86255145072937,0.2,0.04426366090774536,4.429305553436279,-0.011070676968665793
102400,1309,500.0,9.932620149999998,78,25,0.4432063102722168,8.657216054201125,120,0.0003,0.098681640625,0.010259807,-4.84786679148674,0.2,0.2166285514831543,4.60446834564209,-0.012456951639614999
106496,1318,500.0,15.81675168,80,26,0.44269347190856934,10.660796195268631,125,0.0003,0.09443359375,0.008780409,-4.832776302099228,0.2,0.3430686593055725,5.062965393066406,-0.013145386532414705
110592,1325,500.0,20.83526023,83,27,0.44299373030662537,10.260524106025695,130,0.0003,0.077001953125,0.008343948,-4.831221246719361,0.2,0.4931694269180298,4.703577995300293,-0.010340583510696888
114688,1332,500.0,25.521367120000004,86,28,0.4426606297492981,12.280211520195007,135,0.0003,0.0580078125,0.008871833,-4.831950360536576,0.2,0.6627394556999207,4.634903430938721,-0.009291174878308084
118784,1340,500.0,30.58505431,88,29,0.4419209957122803,12.948919880390168,140,0.0003,0.053662109375,0.007703429,-4.821386611461639,0.2,0.7531434893608093,5.247173309326172,-0.01044470769702457
122880,1347,500.0,30.797754290000004,91,30,0.44143980741500854,10.128046947717667,145,0.0003,0.06337890625,0.008770463,-4.80984805226326,0.2,0.8397260904312134,4.659252643585205,-0.01128423399059102
126976,1353,500.0,37.61173992999999,93,31,0.4413989186286926,12.758677005767822,150,0.0003,0.058935546875,0.008483367,-4.805109429359436,0.2,0.8815927505493164,5.093130111694336,-0.010109086005104472
131072,1326,500.0,45.06557783,98,32,0.4408072531223297,10.379226231575013,155,0.0003,0.059033203125,0.00813212,-4.799806445837021,0.2,0.8854575753211975,5.395909309387207,-0.010811832314357162
