time/fps,rollout/ep_rew_mean,time/iterations,rollout/ep_len_mean,time/time_elapsed,time/total_timesteps,train/loss,train/explained_variance,train/clip_range,train/n_updates,train/learning_rate,train/value_loss,train/clip_fraction,train/approx_kl,train/entropy_loss,train/policy_gradient_loss,train/std
1926,423.15847708,1,496.58,2,860160,,,,,,,,,,,
1737,408.15476950000004,2,499.16,4,864256,30.85017967224121,0.7612306475639343,0.2,1035,0.0001,91.11695380210877,0.036865234375,0.005315777,3.9468202352523805,-0.003777397066005506,0.14775322377681732
1664,387.95519004,3,499.29,7,868352,41.7601432800293,0.7156969308853149,0.2,1040,0.0001,116.31103410720826,0.004052734375,0.0028524594,3.946540135145187,-0.002184640523046255,0.14775504171848297
1683,370.57027421,4,495.18,9,872448,55.75788116455078,0.7776483297348022,0.2,1045,0.0001,122.9360580444336,0.01923828125,0.005980584,3.9463877469301223,-0.004195157487993128,0.1477619707584381
1701,349.18765404,5,497.86,12,876544,82.9023666381836,0.771592915058136,0.2,1050,0.0001,156.31217584609985,0.00341796875,0.002630374,3.9458174794912337,-0.00228041053051129,0.14777664840221405
1719,334.13442144999993,6,499.76,14,880640,61.69815444946289,0.7006290555000305,0.2,1055,0.0001,131.26128921508788,0.016943359375,0.0055153402,3.9455225706100463,-0.004951773380162195,0.14776480197906494
1727,316.54082453,7,494.82,16,884736,65.02812957763672,0.7349627017974854,0.2,1060,0.0001,117.60384197235108,0.029736328125,0.006299855,3.946487084031105,-0.006371300830505788,0.14774590730667114
1733,292.05499269000006,8,487.78,18,888832,43.092525482177734,0.7008968591690063,0.2,1065,0.0001,122.29761629104614,0.017626953125,0.005160569,3.947101187705994,-0.004851180477999151,0.14774246513843536
1730,275.75963633,9,480.92,21,892928,49.898765563964844,0.8121514320373535,0.2,1070,0.0001,106.33151130676269,0.026953125,0.006673816,3.947254130244255,-0.005361790329334326,0.14773432910442352
1723,252.82683265,10,475.55,23,897024,42.319732666015625,0.7452592849731445,0.2,1075,0.0001,95.96349258422852,0.023828125,0.0056478195,3.948160672187805,-0.004994200656074099,0.14771339297294617
1723,235.24047966,11,475.15,26,901120,51.179325103759766,0.7934530973434448,0.2,1080,0.0001,111.61448965072631,0.029052734375,0.0059518684,3.9488648772239685,-0.0054150312760612,0.14771321415901184
1727,212.35946009,12,474.94,28,905216,48.79356002807617,0.8316668272018433,0.2,1085,0.0001,100.42323904037475,0.02470703125,0.005249426,3.94881434738636,-0.005332396604353562,0.14770688116550446
1729,210.31774486000003,13,470.93,30,909312,55.392364501953125,0.8639110326766968,0.2,1090,0.0001,88.4909860610962,0.048974609375,0.0068014683,3.9495888859033585,-0.007032680138945579,0.1476881206035614
1731,214.63795930999996,14,468.07,33,913408,46.71012496948242,0.7937256097793579,0.2,1095,0.0001,94.77113389968872,0.03408203125,0.0061057243,3.9500821590423585,-0.007086784596322104,0.14769509434700012
1733,218.68483588999996,15,462.7,35,917504,53.475502014160156,0.816153883934021,0.2,1100,0.0001,99.36021938323975,0.037255859375,0.0056045176,3.9496881037950518,-0.006440384325105697,0.14769351482391357
1622,221.39186514000002,16,451.53,40,921600,44.20125198364258,0.815043568611145,0.2,1105,0.0001,83.01051087379456,0.036279296875,0.005924158,3.9493011087179184,-0.006127807791926898,0.14771628379821777
1630,220.41664873999997,17,446.22,42,925696,51.12773895263672,0.7883564233779907,0.2,1110,0.0001,94.09920034408569,0.059521484375,0.007621644,3.9491307616233824,-0.008469051934662275,0.147691011428833
1638,222.02266873999997,18,442.18,45,929792,62.11381530761719,0.8047993183135986,0.2,1115,0.0001,100.79746437072754,0.057421875,0.007090171,3.949610537290573,-0.00834606428979896,0.1477096676826477
1645,226.15634254,19,437.69,47,933888,35.54623031616211,0.8224644660949707,0.2,1120,0.0001,79.46941266059875,0.0416015625,0.006390987,3.948235994577408,-0.00798843445663806,0.1477392017841339
1650,225.99034883999997,20,434.95,49,937984,37.9940299987793,0.8269258737564087,0.2,1125,0.0001,79.70102906227112,0.054296875,0.0068259723,3.947749191522598,-0.007348003302467987,0.14771932363510132
1655,230.85698857,21,429.51,51,942080,40.63420867919922,0.8353443145751953,0.2,1130,0.0001,85.46372890472412,0.057861328125,0.0071294224,3.9491137087345125,-0.00803564781381283,0.14769521355628967
1660,235.57099789,22,428.61,54,946176,29.756193161010742,0.8214699029922485,0.2,1135,0.0001,71.88504385948181,0.045166015625,0.0067605646,3.948219156265259,-0.006629311628057621,0.14776474237442017
1664,232.40802501000002,23,419.76,56,950272,44.9268684387207,0.8324207067489624,0.2,1140,0.0001,93.48747463226319,0.042138671875,0.0058234986,3.9454554617404938,-0.006306645617587492,0.14778101444244385
1668,234.86118034999998,24,419.05,58,954368,32.909610748291016,0.8529152870178223,0.2,1145,0.0001,74.5765350818634,0.061865234375,0.00754919,3.9454558968544005,-0.008028528932482005,0.1477658897638321
1671,231.63233344,25,420.11,61,958464,52.29486846923828,0.8461339473724365,0.2,1150,0.0001,85.91413912773132,0.058935546875,0.0073984633,3.94588280916214,-0.0076750067819375545,0.1477717012166977
1665,225.74149524,26,420.35,63,962560,32.167442321777344,0.887130856513977,0.2,1155,0.0001,78.35122365951538,0.04375,0.006194936,3.946751981973648,-0.006870584248099476,0.14772449433803558
1666,228.65814364999997,27,426.01,66,966656,44.99382781982422,0.8581687808036804,0.2,1160,0.0001,94.51646909713745,0.06904296875,0.008416114,3.9494128793478014,-0.010328644915716723,0.14768077433109283
1675,222.93856598,28,421.66,68,970752,26.522871017456055,0.8538930416107178,0.2,1165,0.0001,58.51417660713196,0.0736328125,0.007046469,3.951818513870239,-0.0095289006276289,0.1476321965456009
1683,221.23615501999996,29,427.41,70,974848,44.40276336669922,0.8678916096687317,0.2,1170,0.0001,76.26306838989258,0.0322265625,0.0055524837,3.9551505714654924,-0.00597392313356977,0.14755254983901978
1690,221.35540241999996,30,427.51,72,978944,37.400962829589844,0.8726515769958496,0.2,1175,0.0001,79.56720914840699,0.055517578125,0.0073051825,3.9583679735660553,-0.006961101187334862,0.14751753211021423
1698,222.75556970000005,31,430.51,74,983040,38.42233657836914,0.8459690809249878,0.2,1180,0.0001,63.22104096412659,0.048486328125,0.0070620514,3.9598044484853743,-0.006009036977775395,0.14749304950237274
1649,217.56661676,32,430.74,79,987136,25.286043167114258,0.8535307049751282,0.2,1185,0.0001,54.246429681777954,0.06240234375,0.0075410213,3.960695630311966,-0.007814613389200531,0.14747734367847443
1656,215.27448551999998,33,429.36,81,991232,32.087425231933594,0.8566179275512695,0.2,1190,0.0001,63.64825596809387,0.068310546875,0.006992088,3.9617843091487885,-0.008974268971360288,0.14746293425559998
1664,214.80679010000003,34,426.23,83,995328,35.17599105834961,0.8443729877471924,0.2,1195,0.0001,66.43069734573365,0.05576171875,0.007166519,3.9643411219120024,-0.007215001797885634,0.14736740291118622
1672,217.10151554000004,35,429.35,85,999424,30.773784637451172,0.8691174983978271,0.2,1200,0.0001,55.036503076553345,0.067578125,0.0075038183,3.9666069716215135,-0.008138835284626111,0.14741487801074982
1678,217.26535909000003,36,423.45,87,1003520,33.10404586791992,0.8784217834472656,0.2,1205,0.0001,60.87999248504639,0.058984375,0.006571343,3.9660546660423277,-0.006519919208949431,0.14735354483127594
1685,215.00539595,37,419.49,89,1007616,29.55786895751953,0.8982052803039551,0.2,1210,0.0001,54.175924110412595,0.064306640625,0.007938301,3.9692394107580187,-0.008768021847936324,0.14732247591018677
1691,220.55215791000003,38,423.39,91,1011712,21.918594360351562,0.889906108379364,0.2,1215,0.0001,50.07166576385498,0.06806640625,0.0067377645,3.973591020703316,-0.007819188991561532,0.1471627652645111
1697,222.85547501000005,39,423.49,94,1015808,30.054107666015625,0.8792833089828491,0.2,1220,0.0001,53.55258636474609,0.056982421875,0.006642365,3.979081004858017,-0.007094022221281193,0.14715053141117096
1703,222.93531411,40,423.25,96,1019904,31.485004425048828,0.8921023011207581,0.2,1225,0.0001,67.85152444839477,0.0732421875,0.007949924,3.9780862033367157,-0.009004623687360436,0.14719004929065704
1708,224.94741279000002,41,426.77,98,1024000,27.43303871154785,0.8616660237312317,0.2,1230,0.0001,54.896312952041626,0.07021484375,0.0074953074,3.9762865364551545,-0.008066727372352034,0.1472182720899582
1712,223.04227004,42,427.96,100,1028096,24.182735443115234,0.8715309500694275,0.2,1235,0.0001,46.597475624084474,0.0724609375,0.0069325427,3.9773900896310805,-0.00953379885177128,0.14714615046977997
1717,225.67777548,43,425.42,102,1032192,22.724327087402344,0.8927940130233765,0.2,1240,0.0001,53.11022253036499,0.0806640625,0.0076685348,3.9823789805173875,-0.010002113791415468,0.14704328775405884
1723,227.02995273000005,44,431.97,104,1036288,22.27738380432129,0.9071163535118103,0.2,1245,0.0001,46.64023132324219,0.0751953125,0.007289515,3.9875949382781983,-0.007240862605976872,0.14694486558437347
1728,228.88138148,45,439.35,106,1040384,24.865909576416016,0.8904365301132202,0.2,1250,0.0001,46.8422315120697,0.073486328125,0.0071231415,3.988407352566719,-0.00664864563732408,0.14704957604408264
1732,231.6051491,46,434.64,108,1044480,27.019948959350586,0.9061165452003479,0.2,1255,0.0001,47.068506956100464,0.0939453125,0.008651247,3.986142212152481,-0.009110157325631007,0.14697442948818207
1735,236.40506412,47,438.3,110,1048576,16.741403579711914,0.9164445400238037,0.2,1260,0.0001,41.176662874221805,0.0708984375,0.008115332,3.9898317217826844,-0.008926640427671374,0.14694830775260925
1702,237.35838273999997,48,436.72,115,1052672,22.651765823364258,0.8959790468215942,0.2,1265,0.0001,51.5251904964447,0.086962890625,0.008718945,3.991161119937897,-0.00877105223480612,0.14691749215126038
1706,242.98137249000004,49,437.76,117,1056768,19.961875915527344,0.8882974982261658,0.2,1270,0.0001,47.08584322929382,0.095654296875,0.008234221,3.993417093157768,-0.008630886796163395,0.1468515694141388
1710,243.81986323,50,435.75,119,1060864,15.780211448669434,0.8815054297447205,0.2,1275,0.0001,44.8553204536438,0.07978515625,0.0073318463,3.997336608171463,-0.008950153016485274,0.14678537845611572
1714,245.21555069,51,437.17,121,1064960,14.51790714263916,0.9353034496307373,0.2,1280,0.0001,34.08248403072357,0.0951171875,0.00854839,3.998953050374985,-0.0092773855663836,0.14679768681526184
1718,249.71134846999996,52,442.72,123,1069056,20.68996238708496,0.9140085577964783,0.2,1285,0.0001,42.3415412902832,0.085546875,0.009065762,3.998148834705353,-0.008898139145458117,0.14679878950119019
1721,253.23953893999996,53,445.99,126,1073152,24.995040893554688,0.8629993200302124,0.2,1290,0.0001,60.5010573387146,0.09501953125,0.008802801,3.9988726764917373,-0.008854737886576914,0.1467786580324173
1724,260.65560518,54,453.29,128,1077248,21.57840919494629,0.9074603915214539,0.2,1295,0.0001,45.079314374923705,0.082373046875,0.0073037646,4.000362074375152,-0.007172834576340392,0.14674684405326843
1728,264.71244783000003,55,454.17,130,1081344,20.6584529876709,0.9112094044685364,0.2,1300,0.0001,44.9934905052185,0.09169921875,0.008877945,4.002860522270202,-0.008997915085637942,0.14668788015842438
1731,265.45838707,56,455.45,132,1085440,21.97614097595215,0.9139111042022705,0.2,1305,0.0001,38.60377900600433,0.081787109375,0.0074362466,4.004991585016251,-0.006229986698599532,0.14668460190296173
1734,270.89741189,57,457.5,134,1089536,17.65831184387207,0.920612633228302,0.2,1310,0.0001,44.44559826850891,0.103125,0.00923739,4.007027035951614,-0.010751019738381728,0.1465844064950943
1738,270.82504872000004,58,458.36,136,1093632,18.63833999633789,0.9415693283081055,0.2,1315,0.0001,33.66673336029053,0.081884765625,0.009471197,4.0145239174366,-0.007407670119573595,0.14642445743083954
1741,276.01836992,59,461.24,138,1097728,13.823959350585938,0.898804247379303,0.2,1320,0.0001,40.86812789440155,0.060205078125,0.007076966,4.020468842983246,-0.006915343352011405,0.1463814228773117
1744,276.82079345,60,463.2,140,1101824,18.352157592773438,0.9269663095474243,0.2,1325,0.0001,41.44019212722778,0.08486328125,0.0075069163,4.022643280029297,-0.00920387835940346,0.14632271230220795
1746,278.90944271000006,61,469.68,143,1105920,25.72968292236328,0.8919588923454285,0.2,1330,0.0001,55.54391670227051,0.088623046875,0.008853984,4.026325994729996,-0.008327157737221568,0.14625334739685059
1750,287.83601904999995,62,480.15,145,1110016,16.638959884643555,0.8866236209869385,0.2,1335,0.0001,43.1687824010849,0.093115234375,0.00975034,4.027932834625244,-0.008692269393941387,0.14626353979110718
1753,294.25252668,63,490.27,147,1114112,26.833757400512695,0.8624704480171204,0.2,1340,0.0001,57.149188089370725,0.11630859375,0.008703547,4.0323596596717834,-0.010270572098670527,0.146098792552948
1714,293.60464169000005,64,489.98,152,1118208,16.710208892822266,0.7683844566345215,0.2,1345,0.0001,46.806069660186765,0.080419921875,0.008290928,4.0368017733097075,-0.00862444982631132,0.14611613750457764
