rollout/ep_len_mean,time/fps,time/time_elapsed,time/iterations,rollout/ep_rew_mean,time/total_timesteps,train/policy_gradient_loss,train/approx_kl,train/explained_variance,train/learning_rate,train/entropy_loss,train/loss,train/std,train/n_updates,train/clip_range,train/value_loss,train/clip_fraction
490.92,2133,1,1,298.78967907000003,1122304,,,,,,,,,,,
504.31,2026,4,2,307.64354686999997,1126400,-0.009601397824008017,0.00807848,0.8688217997550964,0.0001,4.03860924243927,20.729639053344727,0.14601556956768036,1350,0.2,42.994570350646974,0.103515625
511.64,2010,6,3,315.06124398,1130496,-0.009003157692495734,0.010663313,0.8221826553344727,0.0001,4.044288176298141,14.571175575256348,0.14588932693004608,1355,0.2,34.16284556388855,0.0865234375
520.18,2003,8,4,321.95122621,1134592,-0.008679584710625932,0.010729708,0.7243367433547974,0.0001,4.05452151298523,13.848246574401855,0.14564117789268494,1360,0.2,28.299554872512818,0.125
523.79,1995,10,5,325.29449606000003,1138688,-0.009203232804429718,0.010308182,0.8290307521820068,0.0001,4.063590306043625,21.69350242614746,0.14560413360595703,1365,0.2,37.44403257369995,0.13388671875
530.38,1989,12,6,330.34863743,1142784,-0.009587200119858608,0.008707805,0.8875715732574463,0.0001,4.067509257793427,20.76250457763672,0.1454544961452484,1370,0.2,42.5853734254837,0.100341796875
544.08,1985,14,7,339.13528550999996,1146880,-0.007575775448640343,0.0081869755,0.8261815905570984,0.0001,4.072109866142273,18.70410919189453,0.14548158645629883,1375,0.2,43.78716931343079,0.08935546875
550.64,1985,16,8,337.25935412,1150976,-0.006856118599534966,0.008045315,0.7766398787498474,0.0001,4.069876712560654,27.540319442749023,0.14551648497581482,1380,0.2,52.43101973533631,0.083154296875
556.72,1988,18,9,340.01092289,1155072,-0.0074247313430532815,0.0085657565,0.8692583441734314,0.0001,4.068827921152115,20.39830780029297,0.1455278992652893,1385,0.2,45.54181070327759,0.0818359375
564.59,1988,20,10,340.86933613,1159168,-0.009164846688508987,0.00885497,0.8872189521789551,0.0001,4.070753449201584,19.478544235229492,0.14543414115905762,1390,0.2,50.046304035186765,0.0966796875
567.59,1986,22,11,346.46369812999995,1163264,-0.009435495629440993,0.008499887,0.8714008331298828,0.0001,4.074268400669098,22.530752182006836,0.1454148143529892,1395,0.2,52.844589185714725,0.091650390625
575.21,1985,24,12,345.71618996000007,1167360,-0.009801340487319976,0.008287221,0.8922046422958374,0.0001,4.074595159292221,20.33948516845703,0.14541849493980408,1400,0.2,36.86466138362884,0.106640625
569.02,1983,26,13,342.60104835000004,1171456,-0.008241344409179873,0.009093333,0.9162344932556152,0.0001,4.077372652292252,19.4893856048584,0.14529187977313995,1405,0.2,45.905494689941406,0.09921875
566.71,1983,28,14,340.4655496899999,1175552,-0.007312236298457719,0.007786899,0.9074450135231018,0.0001,4.084939795732498,16.20745849609375,0.14515407383441925,1410,0.2,31.415813779830934,0.0833984375
569.66,1981,31,15,338.09743024000005,1179648,-0.01029539866722189,0.008116039,0.9375450015068054,0.0001,4.092932575941086,19.974136352539062,0.14502348005771637,1415,0.2,40.786989784240724,0.099267578125
567.45,1813,36,16,332.56166663999994,1183744,-0.008846666052704677,0.009137705,0.9433245658874512,0.0001,4.096204322576523,15.485339164733887,0.14501479268074036,1420,0.2,34.36144423484802,0.10458984375
561.21,1822,38,17,328.10390838,1187840,-0.0064560693106614055,0.0073639792,0.8991482257843018,0.0001,4.101493155956268,16.382287979125977,0.14484640955924988,1425,0.2,35.54131369590759,0.0748046875
561.49,1831,40,18,328.07329813,1191936,-0.010092463297769427,0.01067112,0.9301894307136536,0.0001,4.103795570135117,11.56054973602295,0.14493857324123383,1430,0.2,25.179704976081847,0.116552734375
561.42,1837,42,19,328.09382205,1196032,-0.007868489329121075,0.008729396,0.9046178460121155,0.0001,4.101630562543869,15.553661346435547,0.1448931097984314,1435,0.2,28.54402799606323,0.095703125
558.08,1842,44,20,326.51033329,1200128,-0.011213507177308202,0.011307498,0.903891384601593,0.0001,4.101965928077698,11.938213348388672,0.1449570655822754,1440,0.2,27.183029055595398,0.1201171875
558.23,1842,46,21,321.7592341,1204224,-0.006089647643966601,0.008381061,0.9316612482070923,0.0001,4.09786667227745,17.847291946411133,0.14504042267799377,1445,0.2,38.67031035423279,0.10673828125
560.71,1848,48,22,327.7193686,1208320,-0.007695918514218647,0.008206295,0.8868682980537415,0.0001,4.093653535842895,26.562280654907227,0.1450956165790558,1450,0.2,42.53910303115845,0.078857421875
558.39,1853,50,23,331.63252824999995,1212416,-0.00750979580625426,0.0095812045,0.8618664145469666,0.0001,4.092695355415344,9.460543632507324,0.14505872130393982,1455,0.2,25.446206283569335,0.098095703125
557.8,1857,52,24,332.95835144000006,1216512,-0.010813067050185055,0.010058834,0.9140813946723938,0.0001,4.098024046421051,14.548576354980469,0.14492937922477722,1460,0.2,30.77476885318756,0.10693359375
558.16,1862,54,25,334.11940568,1220608,-0.009234148895484396,0.007852027,0.8924065232276917,0.0001,4.103878003358841,16.018579483032227,0.14486223459243774,1465,0.2,33.26225829124451,0.10205078125
561.0,1867,57,26,340.34275752,1224704,-0.010475169813435058,0.00962092,0.8079021573066711,0.0001,4.107344341278076,23.618663787841797,0.14477935433387756,1470,0.2,51.06565318107605,0.09384765625
565.52,1870,59,27,340.67351805999994,1228800,-0.009223355844733305,0.010049749,0.8230857849121094,0.0001,4.110263305902481,12.27560043334961,0.1447884440422058,1475,0.2,26.66737856864929,0.1123046875
569.79,1874,61,28,345.85815189999994,1232896,-0.009257244633045048,0.010510914,0.8854191303253174,0.0001,4.113146501779556,10.868304252624512,0.14463654160499573,1480,0.2,27.115415143966676,0.120947265625
566.57,1876,63,29,354.40463908,1236992,-0.008000630515743979,0.008988267,0.8067049980163574,0.0001,4.118506908416748,16.28367042541504,0.14465589821338654,1485,0.2,39.62225346565246,0.11962890625
567.95,1880,65,30,360.6847633599999,1241088,-0.009502500091912225,0.010425182,0.7643115520477295,0.0001,4.120886659622192,16.568187713623047,0.1445038765668869,1490,0.2,27.90805513858795,0.1123046875
570.61,1884,67,31,362.86005092,1245184,-0.009319535543909296,0.012441168,0.813900351524353,0.0001,4.126119530200958,12.392230033874512,0.1445121467113495,1495,0.2,27.436681866645813,0.149560546875
571.36,1794,73,32,365.80219386000005,1249280,-0.008048347727162763,0.010711387,0.8225365877151489,0.0001,4.126073831319809,16.272937774658203,0.144473597407341,1500,0.2,30.150564503669738,0.12080078125
