time/total_timesteps,time/time_elapsed,time/fps,time/iterations,rollout/ep_len_mean,rollout/ep_rew_mean,train/approx_kl,train/explained_variance,train/policy_gradient_loss,train/clip_range,train/learning_rate,train/loss,train/n_updates,train/std,train/entropy_loss,train/value_loss,train/clip_fraction
335872,2,1778,1,440.04,-76.47125341999998,,,,,,,,,,,
339968,4,1738,2,438.25,-64.24384556999999,0.006789629,0.3114437460899353,-0.0071486556145828216,0.2,0.0001,66.26648712158203,400,0.2003059983253479,1.5179112568497657,132.63643712997435,0.073486328125
344064,7,1707,3,432.66,-55.02919956999999,0.007167727,0.46838438510894775,-0.008029263437492773,0.2,0.0001,68.55618286132812,405,0.20023700594902039,1.5122058361768722,131.80802383422852,0.060986328125
348160,9,1695,4,430.55,-51.112698019999996,0.00912266,0.004748702049255371,-0.008656024368247018,0.2,0.0001,61.799068450927734,410,0.200301855802536,1.5129517644643784,125.40519495010376,0.097607421875
352256,12,1687,5,426.84,-42.63890995,0.006116864,0.015015244483947754,-0.007833773695165292,0.2,0.0001,64.30914306640625,415,0.2002362608909607,1.5134189277887344,125.39839687347413,0.06357421875
356352,14,1678,6,428.73,-27.633837089999997,0.007539849,0.2933160662651062,-0.006743261753581464,0.2,0.0001,55.89821243286133,420,0.20024444162845612,1.5144538015127182,117.65669860839844,0.05341796875
360448,17,1683,7,426.98,-11.017638639999998,0.0064322045,0.298795223236084,-0.007237649679882452,0.2,0.0001,46.736629486083984,425,0.20048674941062927,1.5099844813346863,100.06643829345703,0.0541015625
364544,19,1692,8,424.79,-10.61975276,0.008424159,0.337272047996521,-0.00986602264456451,0.2,0.0001,53.4178466796875,430,0.2003023624420166,1.5073283061385154,110.10452508926392,0.096484375
368640,21,1698,9,422.09,-10.795706600000006,0.0070715575,0.08679378032684326,-0.007661576889222488,0.2,0.0001,55.38672637939453,435,0.2001950740814209,1.5143670693039895,115.83649883270263,0.0623046875
372736,24,1704,10,420.6,-7.618338850000002,0.006922272,0.1808122992515564,-0.008950644347351044,0.2,0.0001,48.309085845947266,440,0.20009174942970276,1.5184177950024604,107.21438388824463,0.059814453125
376832,26,1704,11,428.44,0.7925963599999989,0.006260606,0.3622548580169678,-0.007293235312681645,0.2,0.0001,43.886566162109375,445,0.2000724971294403,1.5209111213684081,93.02892627716065,0.047802734375
380928,28,1702,12,423.85,-1.3537473400000024,0.005763837,0.4586936831474304,-0.0051227492891484875,0.2,0.0001,37.25672912597656,450,0.2000139057636261,1.5220339596271515,89.49919576644898,0.0361328125
385024,31,1696,13,423.8,-10.037509660000001,0.0059667896,0.4151371717453003,-0.006774771778145805,0.2,0.0001,53.68465805053711,455,0.20006965100765228,1.5225890547037124,116.46106843948364,0.0494140625
389120,33,1700,14,427.97,-2.7027017400000006,0.006142975,0.4984537959098816,-0.006700614542933181,0.2,0.0001,46.117034912109375,460,0.19989798963069916,1.5241290539503098,107.65286445617676,0.05234375
393216,36,1704,15,433.31,4.523960450000001,0.0064692535,0.6109750270843506,-0.006006353412522003,0.2,0.0001,41.10758972167969,465,0.19982372224330902,1.5294242277741432,84.58324146270752,0.0427734375
397312,41,1570,16,434.53,7.645799159999995,0.006626046,0.6746731400489807,-0.007873335540352855,0.2,0.0001,33.03799057006836,470,0.1997356116771698,1.5329473719000817,70.16580305099487,0.050244140625
401408,44,1582,17,431.01,1.7111092099999998,0.005794892,0.7026685476303101,-0.0058978831046260895,0.2,0.0001,36.60464859008789,475,0.1997264176607132,1.5350153610110282,78.64114665985107,0.046875
405504,46,1592,18,441.47,21.285820209999997,0.007317234,0.6542968153953552,-0.008684500178787857,0.2,0.0001,37.029842376708984,480,0.19970126450061798,1.5354913577437401,86.3920536994934,0.061572265625
409600,48,1599,19,446.17,29.64601177,0.0064227423,0.7381369471549988,-0.008516891772160307,0.2,0.0001,35.833900451660156,485,0.19962464272975922,1.5369624614715576,83.43547163009643,0.071484375
413696,50,1608,20,449.0,41.88208987000001,0.007418017,0.7286626696586609,-0.008142123144352809,0.2,0.0001,44.98442459106445,490,0.19948840141296387,1.5414334878325462,88.70781784057617,0.06357421875
417792,53,1616,21,449.75,52.86102855,0.007817131,0.7435524463653564,-0.008390521124238149,0.2,0.0001,40.94133758544922,495,0.19936759769916534,1.5470534220337868,84.45626497268677,0.063427734375
421888,55,1623,22,447.69,53.223214360000014,0.007815492,0.7734593152999878,-0.007806657455512322,0.2,0.0001,33.35546112060547,500,0.19917400181293488,1.5529329791665076,74.34107213020324,0.05625
425984,57,1629,23,450.76,55.609890560000004,0.009390861,0.7918429970741272,-0.009178087703185156,0.2,0.0001,29.64694595336914,505,0.19921797513961792,1.5563179954886437,61.940040588378906,0.099560546875
430080,60,1634,24,448.89,62.27355436999999,0.006503331,0.7901456952095032,-0.007185941631905735,0.2,0.0001,29.045860290527344,510,0.1991838663816452,1.555520361661911,58.49882092475891,0.057177734375
434176,62,1639,25,457.07,71.51271258000001,0.007504693,0.804548978805542,-0.00837954507151153,0.2,0.0001,27.491188049316406,515,0.19900542497634888,1.5597543716430664,61.759388017654416,0.063818359375
438272,64,1644,26,457.19,64.46053361,0.0061454433,0.807343602180481,-0.007072139525553212,0.2,0.0001,31.2587890625,520,0.19887369871139526,1.5660379365086556,73.7464051246643,0.05869140625
442368,67,1648,27,457.9,61.965090389999986,0.006829897,0.8036400675773621,-0.008387518927338532,0.2,0.0001,40.073341369628906,525,0.1989448219537735,1.568382389843464,77.01884260177613,0.06279296875
446464,69,1650,28,462.65,71.56335925999998,0.0070299674,0.8373828530311584,-0.006963253306457773,0.2,0.0001,37.167510986328125,530,0.19911500811576843,1.5632204368710518,80.0858027458191,0.059326171875
450560,71,1654,29,463.34,76.60464106,0.006777235,0.8424667119979858,-0.0069250731001375245,0.2,0.0001,32.44234848022461,535,0.19900599122047424,1.5607962593436242,67.67124466896057,0.05732421875
454656,74,1658,30,465.97,79.72506154000001,0.006898418,0.8571538925170898,-0.009799757716245949,0.2,0.0001,24.07640266418457,540,0.19888679683208466,1.566127024590969,49.20911698341369,0.07890625
458752,76,1661,31,472.08,80.43739951,0.0078396695,0.8493478298187256,-0.007845434173941613,0.2,0.0001,38.484840393066406,545,0.19883500039577484,1.5698131605982781,75.77395257949829,0.07001953125
462848,82,1589,32,474.23,81.28901346,0.0076026926,0.862265944480896,-0.00973413004539907,0.2,0.0001,35.16675567626953,550,0.19907955825328827,1.5661282256245612,71.66303606033325,0.082470703125
466944,84,1594,33,474.19,81.94031887,0.008287149,0.8732464909553528,-0.007342452579177916,0.2,0.0001,23.310094833374023,555,0.19899703562259674,1.561696322262287,53.28137583732605,0.082568359375
471040,87,1599,34,477.22,89.16776728999999,0.007533989,0.8591893911361694,-0.00905892309092451,0.2,0.0001,32.474117279052734,560,0.19890831410884857,1.5657087713479996,63.41532068252563,0.077099609375
475136,89,1604,35,478.98,85.75907811,0.0067007057,0.8537641167640686,-0.00922137888846919,0.2,0.0001,30.826461791992188,565,0.19882234930992126,1.5689515739679336,61.53886504173279,0.0771484375
479232,91,1609,36,482.72,83.76214677000002,0.0069271824,0.8782620429992676,-0.007647459424333647,0.2,0.0001,39.150264739990234,570,0.1988225281238556,1.5714325785636902,72.67856817245483,0.06904296875
483328,94,1611,37,481.2,84.22475686,0.00721145,0.8627395033836365,-0.008351340534863994,0.2,0.0001,27.590290069580078,575,0.19863176345825195,1.5748261108994484,61.40646996498108,0.07236328125
487424,96,1615,38,477.79,82.08383386,0.007143724,0.8732212781906128,-0.007233318296493962,0.2,0.0001,30.925352096557617,580,0.19854359328746796,1.5805378168821336,64.50715374946594,0.065185546875
491520,98,1618,39,481.08,92.64072403,0.00781226,0.8836210370063782,-0.008434473178931512,0.2,0.0001,34.86418914794922,585,0.19862113893032074,1.5814177632331847,69.0467812538147,0.071826171875
495616,101,1622,40,481.25,83.98400826999999,0.0058202455,0.8853673338890076,-0.007614259433466941,0.2,0.0001,29.0556583404541,590,0.19851388037204742,1.5815519541502,61.24087414741516,0.06630859375
499712,103,1625,41,481.25,72.21188280999999,0.006794163,0.8764134645462036,-0.007781800656812265,0.2,0.0001,32.77227020263672,595,0.19841140508651733,1.5855399817228317,65.9242091178894,0.069091796875
503808,105,1628,42,481.24,76.8784773,0.0072156456,0.8965124487876892,-0.009714012453332543,0.2,0.0001,27.89360237121582,600,0.1986023336648941,1.5847860768437385,56.780968284606935,0.08330078125
507904,108,1630,43,484.28,81.66178103,0.00744038,0.9106265902519226,-0.009727328867302276,0.2,0.0001,28.884580612182617,605,0.19872914254665375,1.5771042481064796,64.05966753959656,0.083642578125
512000,110,1633,44,485.93,79.00421525000002,0.007980063,0.9102489352226257,-0.009726214615511708,0.2,0.0001,22.68479347229004,610,0.19861620664596558,1.5768956601619721,53.2345965385437,0.077099609375
516096,112,1636,45,487.66,78.21604597,0.007988693,0.8926702737808228,-0.007559823215706274,0.2,0.0001,33.4770622253418,615,0.19860291481018066,1.5801851123571395,74.68816947937012,0.063134765625
520192,114,1638,46,488.78,85.57231982000002,0.008187607,0.8987210988998413,-0.010526040132390335,0.2,0.0001,24.249094009399414,620,0.19864070415496826,1.579432988166809,52.882727479934694,0.08515625
524288,117,1641,47,491.27,93.30459111999998,0.0063961167,0.8982893228530884,-0.00774486142618116,0.2,0.0001,21.494686126708984,625,0.19883307814598083,1.575074590742588,42.79655785560608,0.06240234375
528384,123,1594,48,490.82,97.79227512,0.007782682,0.8603897094726562,-0.009011499484768138,0.2,0.0001,29.027271270751953,630,0.198848694562912,1.5706503167748451,51.5975302696228,0.073779296875
532480,125,1597,49,493.35,103.4122733,0.008517021,0.8814769387245178,-0.009424234722973778,0.2,0.0001,24.884777069091797,635,0.1986147165298462,1.5747398495674134,55.34927220344544,0.0787109375
536576,127,1601,50,496.1,99.39692970000002,0.0069390563,0.90133136510849,-0.007192196135292761,0.2,0.0001,21.364273071289062,640,0.19862176477909088,1.5803948149085045,44.1127733707428,0.064013671875
540672,130,1603,51,497.31,106.64177049000001,0.008363252,0.8921883702278137,-0.009387309878366067,0.2,0.0001,22.73895835876465,645,0.19859521090984344,1.5795477837324143,49.26309666633606,0.083447265625
544768,132,1606,52,497.77,118.38088940999998,0.0064911265,0.8769292831420898,-0.006627733877394348,0.2,0.0001,18.84794044494629,650,0.19845660030841827,1.582954290509224,40.51269159317017,0.0560546875
548864,134,1609,53,497.77,136.74040982,0.006310506,0.9089090824127197,-0.005709001685318071,0.2,0.0001,22.384700775146484,655,0.1984386146068573,1.5871680825948715,45.80665631294251,0.0541015625
552960,137,1611,54,499.16,134.71120638,0.007056609,0.9081786870956421,-0.00805601611500606,0.2,0.0001,17.122346878051758,660,0.19850876927375793,1.5861024022102357,38.952787685394284,0.063720703125
557056,139,1613,55,499.16,153.10814588,0.005923077,0.8719258308410645,-0.005442263872828335,0.2,0.0001,17.998685836791992,665,0.19841745495796204,1.5854904398322105,36.40227520465851,0.0546875
561152,142,1615,56,499.47,174.16273880999998,0.007387668,0.9108207821846008,-0.00856519291701261,0.2,0.0001,21.02327537536621,670,0.1983831524848938,1.5889159515500069,44.30524690151215,0.075
565248,144,1617,57,499.47,189.95254535,0.008623365,0.8420454859733582,-0.009754917601821945,0.2,0.0001,11.516740798950195,675,0.19849257171154022,1.5873921886086464,30.56661081314087,0.081298828125
569344,146,1617,58,499.47,193.78954135,0.008755714,0.9043708443641663,-0.009667822925257497,0.2,0.0001,19.634296417236328,680,0.1983906626701355,1.5860297918319701,33.54187777042389,0.083837890625
573440,149,1619,59,500.0,202.68151477,0.007739461,0.8806833624839783,-0.010233450366649776,0.2,0.0001,15.817886352539062,685,0.19828404486179352,1.5907013326883317,35.10082669258118,0.081640625
577536,151,1621,60,500.0,208.93961492000003,0.008031722,0.9038612842559814,-0.009562385774916037,0.2,0.0001,16.653656005859375,690,0.19804513454437256,1.597582221031189,37.95048959255219,0.077587890625
581632,153,1623,61,500.0,220.26931214999993,0.007080835,0.8820920586585999,-0.007484704605303705,0.2,0.0001,16.41716957092285,695,0.19798196852207184,1.604281148314476,30.0958370923996,0.063134765625
585728,156,1624,62,500.0,236.48488136999995,0.00779905,0.8899117708206177,-0.007816163380630315,0.2,0.0001,10.10201358795166,700,0.19800129532814026,1.6050172030925751,23.714516139030458,0.0767578125
589824,158,1626,63,500.0,253.52288366000005,0.00681457,0.8638849854469299,-0.005729461315786466,0.2,0.0001,13.943955421447754,705,0.1979607790708542,1.6051905870437622,32.8365894317627,0.06220703125
593920,164,1591,64,500.0,264.00004681999997,0.007869195,0.902650773525238,-0.009885598492110148,0.2,0.0001,15.4965238571167,710,0.19792303442955017,1.6070064082741737,29.570546364784242,0.087548828125
598016,167,1593,65,500.0,261.96705825000004,0.0077278977,0.7891693115234375,-0.008279846841469407,0.2,0.0001,17.945615768432617,715,0.19769878685474396,1.6115846395492555,35.561794018745424,0.066455078125
602112,169,1595,66,500.0,265.89372892,0.008060563,0.8800076842308044,-0.007245133485412225,0.2,0.0001,17.371000289916992,720,0.19762063026428223,1.6187354147434234,37.61684210300446,0.08046875
606208,171,1597,67,500.0,265.14674622,0.007054958,0.9186680316925049,-0.006980495457537472,0.2,0.0001,23.657644271850586,725,0.19745808839797974,1.623185969889164,40.25664491653443,0.0712890625
610304,174,1600,68,500.0,267.14012128999997,0.007516686,0.9363701939582825,-0.007583734695799649,0.2,0.0001,19.74664306640625,730,0.1974310725927353,1.6269944831728935,36.0863751411438,0.06533203125
614400,176,1602,69,500.0,267.28380551000004,0.00751152,0.8672892451286316,-0.009634400211507455,0.2,0.0001,17.993223190307617,735,0.19722816348075867,1.6319089084863663,34.68755033016205,0.08935546875
618496,178,1604,70,500.0,268.35569706,0.0066145533,0.843129575252533,-0.0066528907278552655,0.2,0.0001,14.87974739074707,740,0.19717633724212646,1.6370958760380745,33.14475882053375,0.060107421875
622592,180,1606,71,500.0,275.30836926999996,0.007732836,0.8458050489425659,-0.011000320361927152,0.2,0.0001,12.904609680175781,745,0.19695712625980377,1.6418639108538629,32.20013930797577,0.091357421875
626688,183,1609,72,500.0,279.65487417,0.006537567,0.8013194799423218,-0.008314297819742933,0.2,0.0001,16.275415420532227,750,0.19685326516628265,1.649254910647869,32.351147985458375,0.080859375
630784,185,1610,73,500.0,279.74888101,0.008182064,0.8856551051139832,-0.00985207706107758,0.2,0.0001,14.263904571533203,755,0.19663266837596893,1.655369009077549,31.02074604034424,0.094384765625
634880,187,1612,74,500.0,280.34913869999997,0.008519146,0.8287227153778076,-0.009885177767137066,0.2,0.0001,17.971956253051758,760,0.19651128351688385,1.6626304149627686,35.02829401493072,0.094482421875
638976,190,1614,75,500.0,272.07396765,0.009077067,0.7427176237106323,-0.009382316123810597,0.2,0.0001,14.888955116271973,765,0.19647493958473206,1.666237162053585,30.33161199092865,0.088916015625
643072,192,1616,76,500.0,270.8142502,0.0086985165,0.8473423719406128,-0.00975919325137511,0.2,0.0001,15.025376319885254,770,0.1964748501777649,1.666896015405655,33.321906614303586,0.09482421875
647168,194,1618,77,500.0,273.32258349999995,0.009926659,0.8477276563644409,-0.00829732376150787,0.2,0.0001,12.24561595916748,775,0.19626368582248688,1.670451144874096,23.163709187507628,0.0943359375
651264,197,1619,78,500.0,280.35197176,0.0077406527,0.7808170914649963,-0.007436627655988559,0.2,0.0001,15.705818176269531,780,0.19621308147907257,1.6765957444906234,31.08494565486908,0.085498046875
655360,199,1621,79,500.0,285.18000665999995,0.0075324094,0.8011294603347778,-0.009597239422146232,0.2,0.0001,13.555523872375488,785,0.1961071640253067,1.6787501573562622,29.54157724380493,0.08896484375
659456,205,1592,80,500.0,291.62985796,0.007920959,0.8626043200492859,-0.009464448552171234,0.2,0.0001,10.079939842224121,790,0.19600717723369598,1.6838091403245925,25.167230439186095,0.0947265625
663552,208,1593,81,500.0,294.71029554999996,0.007908082,0.8824055194854736,-0.009728878972236999,0.2,0.0001,12.27070426940918,795,0.19618631899356842,1.682739581167698,27.717709136009216,0.08857421875
667648,210,1595,82,500.0,299.33716852,0.009922877,0.6813420057296753,-0.008452414162456989,0.2,0.0001,7.052234172821045,800,0.19614888727664948,1.678622691333294,15.309616136550904,0.1052734375
671744,212,1597,83,500.0,304.06447058,0.010720514,0.8220248222351074,-0.009618890783167444,0.2,0.0001,9.249213218688965,805,0.19592434167861938,1.683737723529339,20.20262463092804,0.11171875
675840,215,1599,84,500.0,305.59566391,0.009730574,0.836662769317627,-0.00916342157870531,0.2,0.0001,11.734829902648926,810,0.1958589255809784,1.6910171508789062,21.46954412460327,0.10712890625
679936,217,1600,85,500.0,309.01981063999995,0.007042486,0.7679939270019531,-0.007385564703145065,0.2,0.0001,10.399580001831055,815,0.19569368660449982,1.6941617265343667,20.72272037267685,0.070849609375
684032,219,1601,86,500.0,310.81723728,0.00912462,0.6586763858795166,-0.007582999303122051,0.2,0.0001,10.216690063476562,820,0.195362389087677,1.7043876305222512,22.081765961647033,0.10498046875
688128,222,1603,87,500.0,313.1238478,0.00845319,0.7600334882736206,-0.008922476234147325,0.2,0.0001,7.6371378898620605,825,0.1952272355556488,1.7145894780755042,18.274973356723784,0.089208984375
692224,224,1605,88,500.0,322.99138106,0.01053586,0.7660311460494995,-0.008721085402066819,0.2,0.0001,9.535818099975586,830,0.19507896900177002,1.721118550002575,18.32827169895172,0.107958984375
696320,226,1606,89,500.0,325.84517719,0.0100933,0.6847209930419922,-0.00965701337554492,0.2,0.0001,7.572382926940918,835,0.1951245814561844,1.722722202539444,14.937942087650299,0.10966796875
700416,229,1608,90,500.0,328.448773,0.00971153,0.6518412828445435,-0.009148858534172178,0.2,0.0001,6.333660125732422,840,0.1949661672115326,1.7246004462242126,13.1365598320961,0.120703125
704512,231,1610,91,500.0,335.75532345999994,0.010200401,0.7285307049751282,-0.009018317225854843,0.2,0.0001,7.253973007202148,845,0.194557324051857,1.7364281073212624,15.747333300113677,0.098876953125
708608,233,1611,92,500.0,341.57617042000004,0.00897046,0.7230429649353027,-0.011357786832377315,0.2,0.0001,9.665276527404785,850,0.19448252022266388,1.7469819322228433,19.3124729514122,0.1134765625
712704,236,1612,93,500.0,348.85926441000004,0.007810439,0.7395715713500977,-0.009171172950300389,0.2,0.0001,5.454124450683594,855,0.19453495740890503,1.7477187260985374,13.292771852016449,0.089111328125
716800,238,1612,94,500.0,352.6746478100002,0.011042718,0.3138253688812256,-0.010217763014952651,0.2,0.0001,3.624715566635132,860,0.19451624155044556,1.746028520166874,9.34036053419113,0.1158203125
720896,241,1614,95,500.0,357.21129105999995,0.013514179,0.4485931992530823,-0.009211200877325609,0.2,0.0001,3.76086688041687,865,0.19434566795825958,1.7510150447487831,8.493678897619247,0.138623046875
724992,246,1592,96,500.0,359.33023552,0.007400897,0.6872475147247314,-0.007882901525590569,0.2,0.0001,8.049776077270508,870,0.19411538541316986,1.7588200733065604,16.31903830766678,0.09375
